url_a,title_a,url_b,title_b,distance
https://help.zipboard.co/article/154-can-i-host-my-zipboard-account-on-a-private-cloud,Can I Host My Zipboard Account On A Private Cloud,https://help.zipboard.co/category/172-api-documentation,API Documentation,16.706336415291727
https://help.zipboard.co/article/154-can-i-host-my-zipboard-account-on-a-private-cloud,Can I Host My Zipboard Account On A Private Cloud,https://help.zipboard.co/article/314-assign-phases-to-content,Assign Phases To Content,16.698577748316104
https://help.zipboard.co/article/104-track-all-your-visual-bug-reports-from-slack,Track All Your Visual Bug Reports From Slack,https://help.zipboard.co/article/154-can-i-host-my-zipboard-account-on-a-private-cloud,Can I Host My Zipboard Account On A Private Cloud,16.695052891089905
https://help.zipboard.co/article/154-can-i-host-my-zipboard-account-on-a-private-cloud,Can I Host My Zipboard Account On A Private Cloud,https://help.zipboard.co/article/309-how-update-task-statuses,How Update Task Statuses,16.691150704416014
https://help.zipboard.co/article/154-can-i-host-my-zipboard-account-on-a-private-cloud,Can I Host My Zipboard Account On A Private Cloud,https://help.zipboard.co/category/118-getting-started-with-zipboard,Getting Started With Zipboard,16.681894150355927
https://help.zipboard.co/article/151-how-can-i-know-how-much-storage-space-i-have-utilized-for-my-current-plan,How Can I Know How Much Storage Space I Have Utilized For My Current Plan,https://help.zipboard.co/category/172-api-documentation,API Documentation,16.681703107554153
https://help.zipboard.co/article/151-how-can-i-know-how-much-storage-space-i-have-utilized-for-my-current-plan,How Can I Know How Much Storage Space I Have Utilized For My Current Plan,https://help.zipboard.co/article/314-assign-phases-to-content,Assign Phases To Content,16.673895533210114
https://help.zipboard.co/article/153-what-options-does-the-custom-pricing-plan-offers,What Options Does The Custom Pricing Plan Offers,https://help.zipboard.co/category/172-api-documentation,API Documentation,16.671024441215575
https://help.zipboard.co/article/104-track-all-your-visual-bug-reports-from-slack,Track All Your Visual Bug Reports From Slack,https://help.zipboard.co/article/151-how-can-i-know-how-much-storage-space-i-have-utilized-for-my-current-plan,How Can I Know How Much Storage Space I Have Utilized For My Current Plan,16.670345527825436
https://help.zipboard.co/article/151-how-can-i-know-how-much-storage-space-i-have-utilized-for-my-current-plan,How Can I Know How Much Storage Space I Have Utilized For My Current Plan,https://help.zipboard.co/article/309-how-update-task-statuses,How Update Task Statuses,16.666429052382902
https://help.zipboard.co/article/154-can-i-host-my-zipboard-account-on-a-private-cloud,Can I Host My Zipboard Account On A Private Cloud,https://help.zipboard.co/article/278-auto-generated-reports,Auto Generated Reports,16.663635626652894
https://help.zipboard.co/article/155-if-i-need-a-plan-for-30-projects-would-that-be-possible,If I Need A Plan For 30 Projects Would That Be Possible,https://help.zipboard.co/category/172-api-documentation,API Documentation,16.66356716815812
https://help.zipboard.co/article/153-what-options-does-the-custom-pricing-plan-offers,What Options Does The Custom Pricing Plan Offers,https://help.zipboard.co/article/314-assign-phases-to-content,Assign Phases To Content,16.66322579965445
https://help.zipboard.co/article/104-track-all-your-visual-bug-reports-from-slack,Track All Your Visual Bug Reports From Slack,https://help.zipboard.co/article/153-what-options-does-the-custom-pricing-plan-offers,What Options Does The Custom Pricing Plan Offers,16.65968036475915
https://help.zipboard.co/article/151-how-can-i-know-how-much-storage-space-i-have-utilized-for-my-current-plan,How Can I Know How Much Storage Space I Have Utilized For My Current Plan,https://help.zipboard.co/category/118-getting-started-with-zipboard,Getting Started With Zipboard,16.657123378868548
https://help.zipboard.co/article/153-what-options-does-the-custom-pricing-plan-offers,What Options Does The Custom Pricing Plan Offers,https://help.zipboard.co/article/309-how-update-task-statuses,How Update Task Statuses,16.65576673149604
https://help.zipboard.co/article/155-if-i-need-a-plan-for-30-projects-would-that-be-possible,If I Need A Plan For 30 Projects Would That Be Possible,https://help.zipboard.co/article/314-assign-phases-to-content,Assign Phases To Content,16.655749637782378
https://help.zipboard.co/article/154-can-i-host-my-zipboard-account-on-a-private-cloud,Can I Host My Zipboard Account On A Private Cloud,https://help.zipboard.co/article/280-task-management-with-zipboard,Task Management With Zipboard,16.65467558531969
https://help.zipboard.co/article/104-track-all-your-visual-bug-reports-from-slack,Track All Your Visual Bug Reports From Slack,https://help.zipboard.co/article/155-if-i-need-a-plan-for-30-projects-would-that-be-possible,If I Need A Plan For 30 Projects Would That Be Possible,16.652194501108838
https://help.zipboard.co/article/155-if-i-need-a-plan-for-30-projects-would-that-be-possible,If I Need A Plan For 30 Projects Would That Be Possible,https://help.zipboard.co/article/309-how-update-task-statuses,How Update Task Statuses,16.648275247976205
https://help.zipboard.co/article/153-what-options-does-the-custom-pricing-plan-offers,What Options Does The Custom Pricing Plan Offers,https://help.zipboard.co/category/118-getting-started-with-zipboard,Getting Started With Zipboard,16.64647029703073
https://help.zipboard.co/article/155-if-i-need-a-plan-for-30-projects-would-that-be-possible,If I Need A Plan For 30 Projects Would That Be Possible,https://help.zipboard.co/category/118-getting-started-with-zipboard,Getting Started With Zipboard,16.638959731405823
https://help.zipboard.co/article/151-how-can-i-know-how-much-storage-space-i-have-utilized-for-my-current-plan,How Can I Know How Much Storage Space I Have Utilized For My Current Plan,https://help.zipboard.co/article/278-auto-generated-reports,Auto Generated Reports,16.638767047139712
https://help.zipboard.co/article/152-how-can-tags-be-managed-better-with-enterprise-account,How Can Tags Be Managed Better With Enterprise Account,https://help.zipboard.co/category/172-api-documentation,API Documentation,16.636855690857217
https://help.zipboard.co/article/151-how-can-i-know-how-much-storage-space-i-have-utilized-for-my-current-plan,How Can I Know How Much Storage Space I Have Utilized For My Current Plan,https://help.zipboard.co/article/280-task-management-with-zipboard,Task Management With Zipboard,16.62976064190664
https://help.zipboard.co/article/152-how-can-tags-be-managed-better-with-enterprise-account,How Can Tags Be Managed Better With Enterprise Account,https://help.zipboard.co/article/314-assign-phases-to-content,Assign Phases To Content,16.62905879802788
https://help.zipboard.co/article/153-what-options-does-the-custom-pricing-plan-offers,What Options Does The Custom Pricing Plan Offers,https://help.zipboard.co/article/278-auto-generated-reports,Auto Generated Reports,16.628132351154424
https://help.zipboard.co/article/104-track-all-your-visual-bug-reports-from-slack,Track All Your Visual Bug Reports From Slack,https://help.zipboard.co/article/152-how-can-tags-be-managed-better-with-enterprise-account,How Can Tags Be Managed Better With Enterprise Account,16.62551423165492
https://help.zipboard.co/article/152-how-can-tags-be-managed-better-with-enterprise-account,How Can Tags Be Managed Better With Enterprise Account,https://help.zipboard.co/article/309-how-update-task-statuses,How Update Task Statuses,16.621601461524417
https://help.zipboard.co/article/155-if-i-need-a-plan-for-30-projects-would-that-be-possible,If I Need A Plan For 30 Projects Would That Be Possible,https://help.zipboard.co/article/278-auto-generated-reports,Auto Generated Reports,16.620583807632592
https://help.zipboard.co/article/153-what-options-does-the-custom-pricing-plan-offers,What Options Does The Custom Pricing Plan Offers,https://help.zipboard.co/article/280-task-management-with-zipboard,Task Management With Zipboard,16.619134696215347
https://help.zipboard.co/article/152-how-can-tags-be-managed-better-with-enterprise-account,How Can Tags Be Managed Better With Enterprise Account,https://help.zipboard.co/category/118-getting-started-with-zipboard,Getting Started With Zipboard,16.612307204307456
https://help.zipboard.co/article/155-if-i-need-a-plan-for-30-projects-would-that-be-possible,If I Need A Plan For 30 Projects Would That Be Possible,https://help.zipboard.co/article/280-task-management-with-zipboard,Task Management With Zipboard,16.61156814146951
https://help.zipboard.co/article/149-what-custom-branding-options-are-available-with-zipboard-enterprise-plan,What Custom Branding Options Are Available With Zipboard Enterprise Plan,https://help.zipboard.co/category/172-api-documentation,API Documentation,16.610593229044973
https://help.zipboard.co/article/149-what-custom-branding-options-are-available-with-zipboard-enterprise-plan,What Custom Branding Options Are Available With Zipboard Enterprise Plan,https://help.zipboard.co/article/314-assign-phases-to-content,Assign Phases To Content,16.602774067131282
https://help.zipboard.co/category/147-enterprise,Enterprise,https://help.zipboard.co/category/172-api-documentation,API Documentation,16.601595673906882
https://help.zipboard.co/article/104-track-all-your-visual-bug-reports-from-slack,Track All Your Visual Bug Reports From Slack,https://help.zipboard.co/article/149-what-custom-branding-options-are-available-with-zipboard-enterprise-plan,What Custom Branding Options Are Available With Zipboard Enterprise Plan,16.599217976403565
https://help.zipboard.co/article/149-what-custom-branding-options-are-available-with-zipboard-enterprise-plan,What Custom Branding Options Are Available With Zipboard Enterprise Plan,https://help.zipboard.co/article/309-how-update-task-statuses,How Update Task Statuses,16.595299315864338
https://help.zipboard.co/article/152-how-can-tags-be-managed-better-with-enterprise-account,How Can Tags Be Managed Better With Enterprise Account,https://help.zipboard.co/article/278-auto-generated-reports,Auto Generated Reports,16.593973613249446
https://help.zipboard.co/article/314-assign-phases-to-content,Assign Phases To Content,https://help.zipboard.co/category/147-enterprise,Enterprise,16.59374231463968
https://help.zipboard.co/article/104-track-all-your-visual-bug-reports-from-slack,Track All Your Visual Bug Reports From Slack,https://help.zipboard.co/category/147-enterprise,Enterprise,16.590168507853917
https://help.zipboard.co/article/309-how-update-task-statuses,How Update Task Statuses,https://help.zipboard.co/category/147-enterprise,Enterprise,16.586240835840634
https://help.zipboard.co/article/149-what-custom-branding-options-are-available-with-zipboard-enterprise-plan,What Custom Branding Options Are Available With Zipboard Enterprise Plan,https://help.zipboard.co/category/118-getting-started-with-zipboard,Getting Started With Zipboard,16.585983364497086
https://help.zipboard.co/article/152-how-can-tags-be-managed-better-with-enterprise-account,How Can Tags Be Managed Better With Enterprise Account,https://help.zipboard.co/article/280-task-management-with-zipboard,Task Management With Zipboard,16.584978092131422
https://help.zipboard.co/category/118-getting-started-with-zipboard,Getting Started With Zipboard,https://help.zipboard.co/category/147-enterprise,Enterprise,16.57689156146433
https://help.zipboard.co/article/149-what-custom-branding-options-are-available-with-zipboard-enterprise-plan,What Custom Branding Options Are Available With Zipboard Enterprise Plan,https://help.zipboard.co/article/278-auto-generated-reports,Auto Generated Reports,16.567606475937747
https://help.zipboard.co/article/148-why-should-i-go-for-an-enterprise-plan,Why Should I Go For An Enterprise Plan,https://help.zipboard.co/category/172-api-documentation,API Documentation,16.564846272923337
https://help.zipboard.co/article/149-what-custom-branding-options-are-available-with-zipboard-enterprise-plan,What Custom Branding Options Are Available With Zipboard Enterprise Plan,https://help.zipboard.co/article/280-task-management-with-zipboard,Task Management With Zipboard,16.558590493006157
https://help.zipboard.co/article/278-auto-generated-reports,Auto Generated Reports,https://help.zipboard.co/category/147-enterprise,Enterprise,16.558448068228415
https://help.zipboard.co/article/148-why-should-i-go-for-an-enterprise-plan,Why Should I Go For An Enterprise Plan,https://help.zipboard.co/article/314-assign-phases-to-content,Assign Phases To Content,16.557030407211172
https://help.zipboard.co/article/104-track-all-your-visual-bug-reports-from-slack,Track All Your Visual Bug Reports From Slack,https://help.zipboard.co/article/148-why-should-i-go-for-an-enterprise-plan,Why Should I Go For An Enterprise Plan,16.553476206210863
https://help.zipboard.co/article/148-why-should-i-go-for-an-enterprise-plan,Why Should I Go For An Enterprise Plan,https://help.zipboard.co/article/309-how-update-task-statuses,How Update Task Statuses,16.549557139837745
https://help.zipboard.co/article/280-task-management-with-zipboard,Task Management With Zipboard,https://help.zipboard.co/category/147-enterprise,Enterprise,16.549400571434653
https://help.zipboard.co/article/148-why-should-i-go-for-an-enterprise-plan,Why Should I Go For An Enterprise Plan,https://help.zipboard.co/category/118-getting-started-with-zipboard,Getting Started With Zipboard,16.54024311515244
https://help.zipboard.co/article/435-zipboard-pricing-faq,Zipboard Pricing Faq,https://help.zipboard.co/category/172-api-documentation,API Documentation,16.530423381112282
https://help.zipboard.co/article/314-assign-phases-to-content,Assign Phases To Content,https://help.zipboard.co/article/435-zipboard-pricing-faq,Zipboard Pricing Faq,16.52254560979327
https://help.zipboard.co/article/148-why-should-i-go-for-an-enterprise-plan,Why Should I Go For An Enterprise Plan,https://help.zipboard.co/article/278-auto-generated-reports,Auto Generated Reports,16.52187052225792
https://help.zipboard.co/article/104-track-all-your-visual-bug-reports-from-slack,Track All Your Visual Bug Reports From Slack,https://help.zipboard.co/article/435-zipboard-pricing-faq,Zipboard Pricing Faq,16.518959152067275
https://help.zipboard.co/article/428-managing-your-billing-and-subscription,Managing Your Billing And Subscription,https://help.zipboard.co/category/172-api-documentation,API Documentation,16.516727163455855
https://help.zipboard.co/article/309-how-update-task-statuses,How Update Task Statuses,https://help.zipboard.co/article/435-zipboard-pricing-faq,Zipboard Pricing Faq,16.515025281065316
https://help.zipboard.co/article/148-why-should-i-go-for-an-enterprise-plan,Why Should I Go For An Enterprise Plan,https://help.zipboard.co/article/280-task-management-with-zipboard,Task Management With Zipboard,16.512856543473003
https://help.zipboard.co/article/314-assign-phases-to-content,Assign Phases To Content,https://help.zipboard.co/article/428-managing-your-billing-and-subscription,Managing Your Billing And Subscription,16.5088358017198
https://help.zipboard.co/article/435-zipboard-pricing-faq,Zipboard Pricing Faq,https://help.zipboard.co/category/118-getting-started-with-zipboard,Getting Started With Zipboard,16.505652554594942
https://help.zipboard.co/article/104-track-all-your-visual-bug-reports-from-slack,Track All Your Visual Bug Reports From Slack,https://help.zipboard.co/article/428-managing-your-billing-and-subscription,Managing Your Billing And Subscription,16.505242327607284
https://help.zipboard.co/article/309-how-update-task-statuses,How Update Task Statuses,https://help.zipboard.co/article/428-managing-your-billing-and-subscription,Managing Your Billing And Subscription,16.5013047196679
https://help.zipboard.co/article/428-managing-your-billing-and-subscription,Managing Your Billing And Subscription,https://help.zipboard.co/category/118-getting-started-with-zipboard,Getting Started With Zipboard,16.491918599358677
https://help.zipboard.co/article/278-auto-generated-reports,Auto Generated Reports,https://help.zipboard.co/article/435-zipboard-pricing-faq,Zipboard Pricing Faq,16.487162319011638
https://help.zipboard.co/article/280-task-management-with-zipboard,Task Management With Zipboard,https://help.zipboard.co/article/435-zipboard-pricing-faq,Zipboard Pricing Faq,16.478092807901675
https://help.zipboard.co/article/278-auto-generated-reports,Auto Generated Reports,https://help.zipboard.co/article/428-managing-your-billing-and-subscription,Managing Your Billing And Subscription,16.473401659492797
https://help.zipboard.co/article/283-zipboard-pricing-update-march-2021,Zipboard Pricing Update March 2021,https://help.zipboard.co/category/172-api-documentation,API Documentation,16.469931082158077
https://help.zipboard.co/article/280-task-management-with-zipboard,Task Management With Zipboard,https://help.zipboard.co/article/428-managing-your-billing-and-subscription,Managing Your Billing And Subscription,16.464319515369773
https://help.zipboard.co/article/283-zipboard-pricing-update-march-2021,Zipboard Pricing Update March 2021,https://help.zipboard.co/article/314-assign-phases-to-content,Assign Phases To Content,16.461936327202405
https://help.zipboard.co/article/104-track-all-your-visual-bug-reports-from-slack,Track All Your Visual Bug Reports From Slack,https://help.zipboard.co/article/283-zipboard-pricing-update-march-2021,Zipboard Pricing Update March 2021,16.458289470293074
https://help.zipboard.co/article/283-zipboard-pricing-update-march-2021,Zipboard Pricing Update March 2021,https://help.zipboard.co/article/309-how-update-task-statuses,How Update Task Statuses,16.454323217859535
https://help.zipboard.co/article/284-enterprise-plan-what-to-expect,Enterprise Plan What To Expect,https://help.zipboard.co/category/172-api-documentation,API Documentation,16.445816864808705
https://help.zipboard.co/article/283-zipboard-pricing-update-march-2021,Zipboard Pricing Update March 2021,https://help.zipboard.co/category/118-getting-started-with-zipboard,Getting Started With Zipboard,16.444834885386445
https://help.zipboard.co/article/284-enterprise-plan-what-to-expect,Enterprise Plan What To Expect,https://help.zipboard.co/article/314-assign-phases-to-content,Assign Phases To Content,16.437825489621392
https://help.zipboard.co/article/104-track-all-your-visual-bug-reports-from-slack,Track All Your Visual Bug Reports From Slack,https://help.zipboard.co/article/284-enterprise-plan-what-to-expect,Enterprise Plan What To Expect,16.434180394129186
https://help.zipboard.co/article/284-enterprise-plan-what-to-expect,Enterprise Plan What To Expect,https://help.zipboard.co/article/309-how-update-task-statuses,How Update Task Statuses,16.430215037261817
https://help.zipboard.co/article/278-auto-generated-reports,Auto Generated Reports,https://help.zipboard.co/article/283-zipboard-pricing-update-march-2021,Zipboard Pricing Update March 2021,16.42611404480144
https://help.zipboard.co/article/284-enterprise-plan-what-to-expect,Enterprise Plan What To Expect,https://help.zipboard.co/category/118-getting-started-with-zipboard,Getting Started With Zipboard,16.42073003882344
https://help.zipboard.co/article/280-task-management-with-zipboard,Task Management With Zipboard,https://help.zipboard.co/article/283-zipboard-pricing-update-march-2021,Zipboard Pricing Update March 2021,16.416935355616687
https://help.zipboard.co/article/278-auto-generated-reports,Auto Generated Reports,https://help.zipboard.co/article/284-enterprise-plan-what-to-expect,Enterprise Plan What To Expect,16.40201593359352
https://help.zipboard.co/article/280-task-management-with-zipboard,Task Management With Zipboard,https://help.zipboard.co/article/284-enterprise-plan-what-to-expect,Enterprise Plan What To Expect,16.3928404638354
https://help.zipboard.co/article/82-can-i-change-my-plan,Can I Change My Plan,https://help.zipboard.co/category/172-api-documentation,API Documentation,16.383656833851585
https://help.zipboard.co/article/314-assign-phases-to-content,Assign Phases To Content,https://help.zipboard.co/article/82-can-i-change-my-plan,Can I Change My Plan,16.37559996931723
https://help.zipboard.co/article/104-track-all-your-visual-bug-reports-from-slack,Track All Your Visual Bug Reports From Slack,https://help.zipboard.co/article/82-can-i-change-my-plan,Can I Change My Plan,16.371920943368735
https://help.zipboard.co/article/309-how-update-task-statuses,How Update Task Statuses,https://help.zipboard.co/article/82-can-i-change-my-plan,Can I Change My Plan,16.367938414849593
https://help.zipboard.co/article/82-can-i-change-my-plan,Can I Change My Plan,https://help.zipboard.co/category/118-getting-started-with-zipboard,Getting Started With Zipboard,16.358389741665096
https://help.zipboard.co/article/278-auto-generated-reports,Auto Generated Reports,https://help.zipboard.co/article/82-can-i-change-my-plan,Can I Change My Plan,16.339548482342106
https://help.zipboard.co/article/280-task-management-with-zipboard,Task Management With Zipboard,https://help.zipboard.co/article/82-can-i-change-my-plan,Can I Change My Plan,16.330312921472753
https://help.zipboard.co/article/81-what-plan-is-right-for-me,What Plan Is Right For Me,https://help.zipboard.co/category/172-api-documentation,API Documentation,16.157731922992333
https://help.zipboard.co/article/314-assign-phases-to-content,Assign Phases To Content,https://help.zipboard.co/article/81-what-plan-is-right-for-me,What Plan Is Right For Me,16.149518177835166
https://help.zipboard.co/article/104-track-all-your-visual-bug-reports-from-slack,Track All Your Visual Bug Reports From Slack,https://help.zipboard.co/article/81-what-plan-is-right-for-me,What Plan Is Right For Me,16.14575793253035
https://help.zipboard.co/article/309-how-update-task-statuses,How Update Task Statuses,https://help.zipboard.co/article/81-what-plan-is-right-for-me,What Plan Is Right For Me,16.14173391504307
https://help.zipboard.co/article/81-what-plan-is-right-for-me,What Plan Is Right For Me,https://help.zipboard.co/category/118-getting-started-with-zipboard,Getting Started With Zipboard,16.132032423481434
https://help.zipboard.co/article/278-auto-generated-reports,Auto Generated Reports,https://help.zipboard.co/article/81-what-plan-is-right-for-me,What Plan Is Right For Me,16.112886320427506
https://help.zipboard.co/article/280-task-management-with-zipboard,Task Management With Zipboard,https://help.zipboard.co/article/81-what-plan-is-right-for-me,What Plan Is Right For Me,16.10350678303013
https://help.zipboard.co/article/194-what-payment-methods-do-you-support,What Payment Methods Do You Support,https://help.zipboard.co/category/172-api-documentation,API Documentation,15.983634928699646
https://help.zipboard.co/article/194-what-payment-methods-do-you-support,What Payment Methods Do You Support,https://help.zipboard.co/article/314-assign-phases-to-content,Assign Phases To Content,15.975301982462089
https://help.zipboard.co/article/104-track-all-your-visual-bug-reports-from-slack,Track All Your Visual Bug Reports From Slack,https://help.zipboard.co/article/194-what-payment-methods-do-you-support,What Payment Methods Do You Support,15.9714799742588
https://help.zipboard.co/article/194-what-payment-methods-do-you-support,What Payment Methods Do You Support,https://help.zipboard.co/article/309-how-update-task-statuses,How Update Task Statuses,15.967424702553464
https://help.zipboard.co/article/194-what-payment-methods-do-you-support,What Payment Methods Do You Support,https://help.zipboard.co/category/118-getting-started-with-zipboard,Getting Started With Zipboard,15.957607367996033
https://help.zipboard.co/article/194-what-payment-methods-do-you-support,What Payment Methods Do You Support,https://help.zipboard.co/article/278-auto-generated-reports,Auto Generated Reports,15.93823013870135
https://help.zipboard.co/article/194-what-payment-methods-do-you-support,What Payment Methods Do You Support,https://help.zipboard.co/article/280-task-management-with-zipboard,Task Management With Zipboard,15.92874147749621
https://help.zipboard.co/article/336-ive-been-given-a-share-link-with-view-all-and-add-new-boards-reviews-access,Ive Been Given A Share Link With View All And Add New Boards Reviews Access,https://help.zipboard.co/category/172-api-documentation,API Documentation,15.243101313901626
https://help.zipboard.co/article/339-ive-been-given-a-share-link-with-required-signup-login-and-add-new-boards-reviews-access-now-what,Ive Been Given A Share Link With Required Signup Login And Add New Boards Reviews Access Now What,https://help.zipboard.co/category/172-api-documentation,API Documentation,15.236354607760543
https://help.zipboard.co/article/314-assign-phases-to-content,Assign Phases To Content,https://help.zipboard.co/article/336-ive-been-given-a-share-link-with-view-all-and-add-new-boards-reviews-access,Ive Been Given A Share Link With View All And Add New Boards Reviews Access,15.22895318906117
https://help.zipboard.co/article/314-assign-phases-to-content,Assign Phases To Content,https://help.zipboard.co/article/339-ive-been-given-a-share-link-with-required-signup-login-and-add-new-boards-reviews-access-now-what,Ive Been Given A Share Link With Required Signup Login And Add New Boards Reviews Access Now What,15.222157809150943
https://help.zipboard.co/article/104-track-all-your-visual-bug-reports-from-slack,Track All Your Visual Bug Reports From Slack,https://help.zipboard.co/article/336-ive-been-given-a-share-link-with-view-all-and-add-new-boards-reviews-access,Ive Been Given A Share Link With View All And Add New Boards Reviews Access,15.222074966979475
https://help.zipboard.co/article/309-how-update-task-statuses,How Update Task Statuses,https://help.zipboard.co/article/336-ive-been-given-a-share-link-with-view-all-and-add-new-boards-reviews-access,Ive Been Given A Share Link With View All And Add New Boards Reviews Access,15.216628182736029
https://help.zipboard.co/article/104-track-all-your-visual-bug-reports-from-slack,Track All Your Visual Bug Reports From Slack,https://help.zipboard.co/article/339-ive-been-given-a-share-link-with-required-signup-login-and-add-new-boards-reviews-access-now-what,Ive Been Given A Share Link With Required Signup Login And Add New Boards Reviews Access Now What,15.215253494111574
https://help.zipboard.co/article/335-ive-been-given-a-share-link-with-add-new-boards-reviews-only-access,Ive Been Given A Share Link With Add New Boards Reviews Only Access,https://help.zipboard.co/category/172-api-documentation,API Documentation,15.214867507102412
https://help.zipboard.co/article/309-how-update-task-statuses,How Update Task Statuses,https://help.zipboard.co/article/339-ive-been-given-a-share-link-with-required-signup-login-and-add-new-boards-reviews-access-now-what,Ive Been Given A Share Link With Required Signup Login And Add New Boards Reviews Access Now What,15.209796985634018
https://help.zipboard.co/article/336-ive-been-given-a-share-link-with-view-all-and-add-new-boards-reviews-access,Ive Been Given A Share Link With View All And Add New Boards Reviews Access,https://help.zipboard.co/category/118-getting-started-with-zipboard,Getting Started With Zipboard,15.201265201076723
https://help.zipboard.co/article/314-assign-phases-to-content,Assign Phases To Content,https://help.zipboard.co/article/335-ive-been-given-a-share-link-with-add-new-boards-reviews-only-access,Ive Been Given A Share Link With Add New Boards Reviews Only Access,15.200687762205426
https://help.zipboard.co/article/334-ive-been-given-a-share-link-with-view-all-boards-comments-only-access,Ive Been Given A Share Link With View All Boards Comments Only Access,https://help.zipboard.co/category/172-api-documentation,API Documentation,15.19512289339167
https://help.zipboard.co/article/339-ive-been-given-a-share-link-with-required-signup-login-and-add-new-boards-reviews-access-now-what,Ive Been Given A Share Link With Required Signup Login And Add New Boards Reviews Access Now What,https://help.zipboard.co/category/118-getting-started-with-zipboard,Getting Started With Zipboard,15.194389347636328
https://help.zipboard.co/article/104-track-all-your-visual-bug-reports-from-slack,Track All Your Visual Bug Reports From Slack,https://help.zipboard.co/article/335-ive-been-given-a-share-link-with-add-new-boards-reviews-only-access,Ive Been Given A Share Link With Add New Boards Reviews Only Access,15.193792585908112
https://help.zipboard.co/article/309-how-update-task-statuses,How Update Task Statuses,https://help.zipboard.co/article/335-ive-been-given-a-share-link-with-add-new-boards-reviews-only-access,Ive Been Given A Share Link With Add New Boards Reviews Only Access,15.188339556718962
https://help.zipboard.co/article/314-assign-phases-to-content,Assign Phases To Content,https://help.zipboard.co/article/334-ive-been-given-a-share-link-with-view-all-boards-comments-only-access,Ive Been Given A Share Link With View All Boards Comments Only Access,15.181042729773926
https://help.zipboard.co/article/104-track-all-your-visual-bug-reports-from-slack,Track All Your Visual Bug Reports From Slack,https://help.zipboard.co/article/334-ive-been-given-a-share-link-with-view-all-boards-comments-only-access,Ive Been Given A Share Link With View All Boards Comments Only Access,15.174200854732904
https://help.zipboard.co/article/335-ive-been-given-a-share-link-with-add-new-boards-reviews-only-access,Ive Been Given A Share Link With Add New Boards Reviews Only Access,https://help.zipboard.co/category/118-getting-started-with-zipboard,Getting Started With Zipboard,15.17294765901324
https://help.zipboard.co/article/278-auto-generated-reports,Auto Generated Reports,https://help.zipboard.co/article/336-ive-been-given-a-share-link-with-view-all-and-add-new-boards-reviews-access,Ive Been Given A Share Link With View All And Add New Boards Reviews Access,15.170785416956898
https://help.zipboard.co/article/309-how-update-task-statuses,How Update Task Statuses,https://help.zipboard.co/article/334-ive-been-given-a-share-link-with-view-all-boards-comments-only-access,Ive Been Given A Share Link With View All Boards Comments Only Access,15.168768293639948
https://help.zipboard.co/article/278-auto-generated-reports,Auto Generated Reports,https://help.zipboard.co/article/339-ive-been-given-a-share-link-with-required-signup-login-and-add-new-boards-reviews-access-now-what,Ive Been Given A Share Link With Required Signup Login And Add New Boards Reviews Access Now What,15.163819920776053
https://help.zipboard.co/article/340-ive-been-given-a-share-link-with-required-signup-login-view-all-and-add-new-boards-reviews-access-now-what,Ive Been Given A Share Link With Required Signup Login View All And Add New Boards Reviews Access Now What,https://help.zipboard.co/category/172-api-documentation,API Documentation,15.160816569103417
https://help.zipboard.co/article/280-task-management-with-zipboard,Task Management With Zipboard,https://help.zipboard.co/article/336-ive-been-given-a-share-link-with-view-all-and-add-new-boards-reviews-access,Ive Been Given A Share Link With View All And Add New Boards Reviews Access,15.156070326266125
https://help.zipboard.co/article/334-ive-been-given-a-share-link-with-view-all-boards-comments-only-access,Ive Been Given A Share Link With View All Boards Comments Only Access,https://help.zipboard.co/category/118-getting-started-with-zipboard,Getting Started With Zipboard,15.153468374060628
https://help.zipboard.co/article/280-task-management-with-zipboard,Task Management With Zipboard,https://help.zipboard.co/article/339-ive-been-given-a-share-link-with-required-signup-login-and-add-new-boards-reviews-access-now-what,Ive Been Given A Share Link With Required Signup Login And Add New Boards Reviews Access Now What,15.149062982734952
https://help.zipboard.co/article/314-assign-phases-to-content,Assign Phases To Content,https://help.zipboard.co/article/340-ive-been-given-a-share-link-with-required-signup-login-view-all-and-add-new-boards-reviews-access-now-what,Ive Been Given A Share Link With Required Signup Login View All And Add New Boards Reviews Access Now What,15.14673065932465
https://help.zipboard.co/article/278-auto-generated-reports,Auto Generated Reports,https://help.zipboard.co/article/335-ive-been-given-a-share-link-with-add-new-boards-reviews-only-access,Ive Been Given A Share Link With Add New Boards Reviews Only Access,15.142409846150086
https://help.zipboard.co/article/104-track-all-your-visual-bug-reports-from-slack,Track All Your Visual Bug Reports From Slack,https://help.zipboard.co/article/340-ive-been-given-a-share-link-with-required-signup-login-view-all-and-add-new-boards-reviews-access-now-what,Ive Been Given A Share Link With Required Signup Login View All And Add New Boards Reviews Access Now What,15.13988580267615
https://help.zipboard.co/article/309-how-update-task-statuses,How Update Task Statuses,https://help.zipboard.co/article/340-ive-been-given-a-share-link-with-required-signup-login-view-all-and-add-new-boards-reviews-access-now-what,Ive Been Given A Share Link With Required Signup Login View All And Add New Boards Reviews Access Now What,15.134451454211954
https://help.zipboard.co/article/280-task-management-with-zipboard,Task Management With Zipboard,https://help.zipboard.co/article/335-ive-been-given-a-share-link-with-add-new-boards-reviews-only-access,Ive Been Given A Share Link With Add New Boards Reviews Only Access,15.127667687745042
https://help.zipboard.co/article/278-auto-generated-reports,Auto Generated Reports,https://help.zipboard.co/article/334-ive-been-given-a-share-link-with-view-all-boards-comments-only-access,Ive Been Given A Share Link With View All Boards Comments Only Access,15.123115123372422
https://help.zipboard.co/category/172-api-documentation,API Documentation,https://help.zipboard.co/category/380-sharing-links-to-external-collaborators,Sharing Links To External Collaborators,15.122597311824585
https://help.zipboard.co/article/340-ive-been-given-a-share-link-with-required-signup-login-view-all-and-add-new-boards-reviews-access-now-what,Ive Been Given A Share Link With Required Signup Login View All And Add New Boards Reviews Access Now What,https://help.zipboard.co/category/118-getting-started-with-zipboard,Getting Started With Zipboard,15.119145618870725
https://help.zipboard.co/article/338-ive-been-given-a-share-link-with-required-signup-login-and-view-all-boards-comments-access-now-what,Ive Been Given A Share Link With Required Signup Login And View All Boards Comments Access Now What,https://help.zipboard.co/category/172-api-documentation,API Documentation,15.110824985956576
https://help.zipboard.co/article/327-so-ive-been-given-a-zipboard-share-link-now-what,So Ive Been Given A Zipboard Share Link Now What,https://help.zipboard.co/category/172-api-documentation,API Documentation,15.109626443167793
https://help.zipboard.co/article/280-task-management-with-zipboard,Task Management With Zipboard,https://help.zipboard.co/article/334-ive-been-given-a-share-link-with-view-all-boards-comments-only-access,Ive Been Given A Share Link With View All Boards Comments Only Access,15.108459207959564
https://help.zipboard.co/article/314-assign-phases-to-content,Assign Phases To Content,https://help.zipboard.co/category/380-sharing-links-to-external-collaborators,Sharing Links To External Collaborators,15.10836854809373
https://help.zipboard.co/article/104-track-all-your-visual-bug-reports-from-slack,Track All Your Visual Bug Reports From Slack,https://help.zipboard.co/category/380-sharing-links-to-external-collaborators,Sharing Links To External Collaborators,15.10144715104195
https://help.zipboard.co/article/314-assign-phases-to-content,Assign Phases To Content,https://help.zipboard.co/article/338-ive-been-given-a-share-link-with-required-signup-login-and-view-all-boards-comments-access-now-what,Ive Been Given A Share Link With Required Signup Login And View All Boards Comments Access Now What,15.096673608305483
https://help.zipboard.co/article/309-how-update-task-statuses,How Update Task Statuses,https://help.zipboard.co/category/380-sharing-links-to-external-collaborators,Sharing Links To External Collaborators,15.095984038375319
https://help.zipboard.co/article/314-assign-phases-to-content,Assign Phases To Content,https://help.zipboard.co/article/327-so-ive-been-given-a-zipboard-share-link-now-what,So Ive Been Given A Zipboard Share Link Now What,15.095573900675154
https://help.zipboard.co/article/104-track-all-your-visual-bug-reports-from-slack,Track All Your Visual Bug Reports From Slack,https://help.zipboard.co/article/338-ive-been-given-a-share-link-with-required-signup-login-and-view-all-boards-comments-access-now-what,Ive Been Given A Share Link With Required Signup Login And View All Boards Comments Access Now What,15.089793660049553
https://help.zipboard.co/article/278-auto-generated-reports,Auto Generated Reports,https://help.zipboard.co/article/340-ive-been-given-a-share-link-with-required-signup-login-view-all-and-add-new-boards-reviews-access-now-what,Ive Been Given A Share Link With Required Signup Login View All And Add New Boards Reviews Access Now What,15.088780692930582
https://help.zipboard.co/article/104-track-all-your-visual-bug-reports-from-slack,Track All Your Visual Bug Reports From Slack,https://help.zipboard.co/article/327-so-ive-been-given-a-zipboard-share-link-now-what,So Ive Been Given A Zipboard Share Link Now What,15.088746839453
https://help.zipboard.co/article/309-how-update-task-statuses,How Update Task Statuses,https://help.zipboard.co/article/338-ive-been-given-a-share-link-with-required-signup-login-and-view-all-boards-comments-access-now-what,Ive Been Given A Share Link With Required Signup Login And View All Boards Comments Access Now What,15.084346339909228
https://help.zipboard.co/article/309-how-update-task-statuses,How Update Task Statuses,https://help.zipboard.co/article/327-so-ive-been-given-a-zipboard-share-link-now-what,So Ive Been Given A Zipboard Share Link Now What,15.083319861267661
https://help.zipboard.co/category/118-getting-started-with-zipboard,Getting Started With Zipboard,https://help.zipboard.co/category/380-sharing-links-to-external-collaborators,Sharing Links To External Collaborators,15.080546921650656
https://help.zipboard.co/article/280-task-management-with-zipboard,Task Management With Zipboard,https://help.zipboard.co/article/340-ive-been-given-a-share-link-with-required-signup-login-view-all-and-add-new-boards-reviews-access-now-what,Ive Been Given A Share Link With Required Signup Login View All And Add New Boards Reviews Access Now What,15.074119288554423
https://help.zipboard.co/article/338-ive-been-given-a-share-link-with-required-signup-login-and-view-all-boards-comments-access-now-what,Ive Been Given A Share Link With Required Signup Login And View All Boards Comments Access Now What,https://help.zipboard.co/category/118-getting-started-with-zipboard,Getting Started With Zipboard,15.068980592562315
https://help.zipboard.co/article/327-so-ive-been-given-a-zipboard-share-link-now-what,So Ive Been Given A Zipboard Share Link Now What,https://help.zipboard.co/category/118-getting-started-with-zipboard,Getting Started With Zipboard,15.068045412340025
https://help.zipboard.co/article/278-auto-generated-reports,Auto Generated Reports,https://help.zipboard.co/category/380-sharing-links-to-external-collaborators,Sharing Links To External Collaborators,15.049918532941625
https://help.zipboard.co/article/278-auto-generated-reports,Auto Generated Reports,https://help.zipboard.co/article/338-ive-been-given-a-share-link-with-required-signup-login-and-view-all-boards-comments-access-now-what,Ive Been Given A Share Link With Required Signup Login And View All Boards Comments Access Now What,15.038495424590053
https://help.zipboard.co/article/278-auto-generated-reports,Auto Generated Reports,https://help.zipboard.co/article/327-so-ive-been-given-a-zipboard-share-link-now-what,So Ive Been Given A Zipboard Share Link Now What,15.037743419280673
https://help.zipboard.co/article/280-task-management-with-zipboard,Task Management With Zipboard,https://help.zipboard.co/category/380-sharing-links-to-external-collaborators,Sharing Links To External Collaborators,15.035134122353796
https://help.zipboard.co/article/280-task-management-with-zipboard,Task Management With Zipboard,https://help.zipboard.co/article/338-ive-been-given-a-share-link-with-required-signup-login-and-view-all-boards-comments-access-now-what,Ive Been Given A Share Link With Required Signup Login And View All Boards Comments Access Now What,15.023777916897332
https://help.zipboard.co/article/280-task-management-with-zipboard,Task Management With Zipboard,https://help.zipboard.co/article/327-so-ive-been-given-a-zipboard-share-link-now-what,So Ive Been Given A Zipboard Share Link Now What,15.023111504253974
https://help.zipboard.co/article/234-what-happens-if-we-delete-shared-link-for-review-to-users,What Happens If We Delete Shared Link For Review To Users,https://help.zipboard.co/category/172-api-documentation,API Documentation,15.018653539740773
https://help.zipboard.co/article/234-what-happens-if-we-delete-shared-link-for-review-to-users,What Happens If We Delete Shared Link For Review To Users,https://help.zipboard.co/article/314-assign-phases-to-content,Assign Phases To Content,15.004503032384209
https://help.zipboard.co/article/104-track-all-your-visual-bug-reports-from-slack,Track All Your Visual Bug Reports From Slack,https://help.zipboard.co/article/234-what-happens-if-we-delete-shared-link-for-review-to-users,What Happens If We Delete Shared Link For Review To Users,14.997623550720192
https://help.zipboard.co/article/234-what-happens-if-we-delete-shared-link-for-review-to-users,What Happens If We Delete Shared Link For Review To Users,https://help.zipboard.co/article/309-how-update-task-statuses,How Update Task Statuses,14.992176573316247
https://help.zipboard.co/article/329-managing-share-links,Managing Share Links,https://help.zipboard.co/category/172-api-documentation,API Documentation,14.987134592427278
https://help.zipboard.co/article/234-what-happens-if-we-delete-shared-link-for-review-to-users,What Happens If We Delete Shared Link For Review To Users,https://help.zipboard.co/category/118-getting-started-with-zipboard,Getting Started With Zipboard,14.976811871783596
https://help.zipboard.co/article/314-assign-phases-to-content,Assign Phases To Content,https://help.zipboard.co/article/329-managing-share-links,Managing Share Links,14.972949110622817
https://help.zipboard.co/article/104-track-all-your-visual-bug-reports-from-slack,Track All Your Visual Bug Reports From Slack,https://help.zipboard.co/article/329-managing-share-links,Managing Share Links,14.966050878951476
https://help.zipboard.co/article/309-how-update-task-statuses,How Update Task Statuses,https://help.zipboard.co/article/329-managing-share-links,Managing Share Links,14.960596969636137
https://help.zipboard.co/article/234-what-happens-if-we-delete-shared-link-for-review-to-users,What Happens If We Delete Shared Link For Review To Users,https://help.zipboard.co/article/278-auto-generated-reports,Auto Generated Reports,14.946328902102312
https://help.zipboard.co/article/329-managing-share-links,Managing Share Links,https://help.zipboard.co/category/118-getting-started-with-zipboard,Getting Started With Zipboard,14.945200257837373
https://help.zipboard.co/article/234-what-happens-if-we-delete-shared-link-for-review-to-users,What Happens If We Delete Shared Link For Review To Users,https://help.zipboard.co/article/280-task-management-with-zipboard,Task Management With Zipboard,14.931612497519055
https://help.zipboard.co/article/278-auto-generated-reports,Auto Generated Reports,https://help.zipboard.co/article/329-managing-share-links,Managing Share Links,14.914653055004452
https://help.zipboard.co/article/280-task-management-with-zipboard,Task Management With Zipboard,https://help.zipboard.co/article/329-managing-share-links,Managing Share Links,14.899906686152693
https://help.zipboard.co/article/168-how-to-upload-images-mocks-to-zipboard-and-get-live-feedback-from-people,How To Upload Images Mocks To Zipboard And Get Live Feedback From People,https://help.zipboard.co/category/172-api-documentation,API Documentation,14.79275219255547
https://help.zipboard.co/article/349-how-to-use-the-share-link-security-features,How To Use The Share Link Security Features,https://help.zipboard.co/category/172-api-documentation,API Documentation,14.790354283204124
https://help.zipboard.co/article/168-how-to-upload-images-mocks-to-zipboard-and-get-live-feedback-from-people,How To Upload Images Mocks To Zipboard And Get Live Feedback From People,https://help.zipboard.co/article/314-assign-phases-to-content,Assign Phases To Content,14.778725625096946
https://help.zipboard.co/article/314-assign-phases-to-content,Assign Phases To Content,https://help.zipboard.co/article/349-how-to-use-the-share-link-security-features,How To Use The Share Link Security Features,14.77609694923088
https://help.zipboard.co/article/104-track-all-your-visual-bug-reports-from-slack,Track All Your Visual Bug Reports From Slack,https://help.zipboard.co/article/168-how-to-upload-images-mocks-to-zipboard-and-get-live-feedback-from-people,How To Upload Images Mocks To Zipboard And Get Live Feedback From People,14.771912515410298
https://help.zipboard.co/article/104-track-all-your-visual-bug-reports-from-slack,Track All Your Visual Bug Reports From Slack,https://help.zipboard.co/article/349-how-to-use-the-share-link-security-features,How To Use The Share Link Security Features,14.769160268329184
https://help.zipboard.co/article/168-how-to-upload-images-mocks-to-zipboard-and-get-live-feedback-from-people,How To Upload Images Mocks To Zipboard And Get Live Feedback From People,https://help.zipboard.co/article/309-how-update-task-statuses,How Update Task Statuses,14.766491082612383
https://help.zipboard.co/article/227-share-link-settings,Share Link Settings,https://help.zipboard.co/category/172-api-documentation,API Documentation,14.764453583022327
https://help.zipboard.co/article/309-how-update-task-statuses,How Update Task Statuses,https://help.zipboard.co/article/349-how-to-use-the-share-link-security-features,How To Use The Share Link Security Features,14.763691778477112
https://help.zipboard.co/article/168-how-to-upload-images-mocks-to-zipboard-and-get-live-feedback-from-people,How To Upload Images Mocks To Zipboard And Get Live Feedback From People,https://help.zipboard.co/category/118-getting-started-with-zipboard,Getting Started With Zipboard,14.751241084546065
https://help.zipboard.co/article/227-share-link-settings,Share Link Settings,https://help.zipboard.co/article/314-assign-phases-to-content,Assign Phases To Content,14.750320287031169
https://help.zipboard.co/article/349-how-to-use-the-share-link-security-features,How To Use The Share Link Security Features,https://help.zipboard.co/category/118-getting-started-with-zipboard,Getting Started With Zipboard,14.74822903805959
https://help.zipboard.co/article/104-track-all-your-visual-bug-reports-from-slack,Track All Your Visual Bug Reports From Slack,https://help.zipboard.co/article/227-share-link-settings,Share Link Settings,14.743450022200394
https://help.zipboard.co/article/328-the-various-permissions-you-can-grant-when-using-share-links,The Various Permissions You Can Grant When Using Share Links,https://help.zipboard.co/category/172-api-documentation,API Documentation,14.740725840128636
https://help.zipboard.co/article/227-share-link-settings,Share Link Settings,https://help.zipboard.co/article/309-how-update-task-statuses,How Update Task Statuses,14.738007024382439
https://help.zipboard.co/article/314-assign-phases-to-content,Assign Phases To Content,https://help.zipboard.co/article/328-the-various-permissions-you-can-grant-when-using-share-links,The Various Permissions You Can Grant When Using Share Links,14.726634480866215
https://help.zipboard.co/article/227-share-link-settings,Share Link Settings,https://help.zipboard.co/category/118-getting-started-with-zipboard,Getting Started With Zipboard,14.722658880435533
https://help.zipboard.co/article/168-how-to-upload-images-mocks-to-zipboard-and-get-live-feedback-from-people,How To Upload Images Mocks To Zipboard And Get Live Feedback From People,https://help.zipboard.co/article/278-auto-generated-reports,Auto Generated Reports,14.720988604071241
https://help.zipboard.co/article/104-track-all-your-visual-bug-reports-from-slack,Track All Your Visual Bug Reports From Slack,https://help.zipboard.co/article/328-the-various-permissions-you-can-grant-when-using-share-links,The Various Permissions You Can Grant When Using Share Links,14.719786690991898
https://help.zipboard.co/article/278-auto-generated-reports,Auto Generated Reports,https://help.zipboard.co/article/349-how-to-use-the-share-link-security-features,How To Use The Share Link Security Features,14.71754962519956
https://help.zipboard.co/article/309-how-update-task-statuses,How Update Task Statuses,https://help.zipboard.co/article/328-the-various-permissions-you-can-grant-when-using-share-links,The Various Permissions You Can Grant When Using Share Links,14.714352136627697
https://help.zipboard.co/article/168-how-to-upload-images-mocks-to-zipboard-and-get-live-feedback-from-people,How To Upload Images Mocks To Zipboard And Get Live Feedback From People,https://help.zipboard.co/article/280-task-management-with-zipboard,Task Management With Zipboard,14.706380066295775
https://help.zipboard.co/article/280-task-management-with-zipboard,Task Management With Zipboard,https://help.zipboard.co/article/349-how-to-use-the-share-link-security-features,How To Use The Share Link Security Features,14.70274164379706
https://help.zipboard.co/article/328-the-various-permissions-you-can-grant-when-using-share-links,The Various Permissions You Can Grant When Using Share Links,https://help.zipboard.co/category/118-getting-started-with-zipboard,Getting Started With Zipboard,14.699042557111197
https://help.zipboard.co/article/227-share-link-settings,Share Link Settings,https://help.zipboard.co/article/278-auto-generated-reports,Auto Generated Reports,14.692209420498614
