Article ID,Article Title,Category,URL,Last Updated,Has Screenshots,Topics Covered,Content Type,Word Count
KB-104,Track All Your Visual Bug Reports From Slack,Article,https://help.zipboard.co/article/104-track-all-your-visual-bug-reports-from-slack,,No,"JavaScript, Slack, Option, Click, Browser, Changes, Visual Bug Reports, Enable",Troubleshooting,248
KB-107,What Is A Project Phase,Article,https://help.zipboard.co/article/107-what-is-a-project-phase,2023-12-11,No,"project, phase, project phase, phases, development, stages, tasks, tools",How-to Guide,286
KB-108,How Do I Create A Project Phase,Article,https://help.zipboard.co/article/108-how-do-i-create-a-project-phase,2023-12-11,No,"project, project phase, create project, create, add phase, feedback, resources, tools",How-to Guide,165
KB-109,What Is Project Phase Status,Article,https://help.zipboard.co/article/109-what-is-project-phase-status,2023-12-11,No,"project, project phase, phase status, integration, status, create, tools, resources",How-to Guide,255
KB-110,What Is Completion Date In A Project Phase,Article,https://help.zipboard.co/article/110-what-is-completion-date-in-a-project-phase,2023-12-11,No,"project, phase, project phase, completion, completion date, integration, resources, tools",How-to Guide,245
KB-111,How Many Project Phases Can I Create,Article,https://help.zipboard.co/article/111-how-many-project-phases-can-i-create,2023-12-11,No,"project, phase, phases, create, project phases, create project, feedback, resources",How-to Guide,204
KB-112,How Do I Assign Files Tasks And Comments To A Project Phase,Article,https://help.zipboard.co/article/112-how-do-i-assign-files-tasks-and-comments-to-a-project-phase,2024-10-22,No,"project, project phase, files, tasks, comments, add existing, assign, edit",How-to Guide,281
KB-113,Who Can Create A Project Phase,Article,https://help.zipboard.co/article/113-who-can-create-a-project-phase,2023-12-11,No,"project, phase, project phase, create, resources, tools, collaborators, article",Reference,195
KB-114,How Do I Install Zipboards Internet Explorer Extension,Article,https://help.zipboard.co/article/114-how-do-i-install-zipboards-internet-explorer-extension,2023-12-05,No,"install zipboard, internet explorer extension, install, integration, use, steps, button, resources",How-to Guide,262
KB-119,Signing Up For Zipboard,Article,https://help.zipboard.co/article/119-signing-up-for-zipboard,2025-01-29,No,"sign up, zipboard, account, create account, organization, integration, resources, tools",How-to Guide,460
KB-120,Log In To Zipboard,Article,https://help.zipboard.co/article/120-log-in-to-zipboard,2024-10-18,No,"login, Zipboard, account, password, click, log in, access, step",How-to Guide,272
KB-121,Recover Account Or Forgotten Password,Article,https://help.zipboard.co/article/121-recover-account-or-forgotten-password,2024-01-02,No,"password, account, forgot password, recover account, email, click, link, resources",How-to Guide,275
KB-122,Adding A Collaborator Or Reviewer Account,Article,https://help.zipboard.co/article/122-adding-a-collaborator-or-reviewer-account,2024-10-22,No,"project, add, collaborators, collaborator, reviewer, invite, account, access",How-to Guide,301
KB-123,Adding A Manager Account,Article,https://help.zipboard.co/article/123-adding-a-manager-account,2024-08-29,No,"manager, account, adding manager, added manager, manager account, organization, project, business",How-to Guide,238
KB-125,Creating A Project,Article,https://help.zipboard.co/article/125-creating-a-project,2025-04-29,No,"creating project, project zipboard, template, files, resources, task, feedback, tools",How-to Guide,589
KB-126,Working In The Zipboard Account Dashboard,Article,https://help.zipboard.co/article/126-working-in-the-zipboard-account-dashboard,2024-08-29,No,"project, dashboard, account, integration, resources, tools, feedback, working",How-to Guide,345
KB-127,Managing The Project Dashboard,Article,https://help.zipboard.co/article/127-managing-the-project-dashboard,2024-10-22,No,"project, tasks, dashboard, add, collaborators, create, status, tools",How-to Guide,489
KB-128,Parts Of A Zipboard Project,Article,https://help.zipboard.co/article/128-parts-of-a-zipboard-project,2023-12-11,No,"project, zipboard, slack, tasks, file, integration, comments, link",Reference,1269
KB-129,Create And Modify A Task,Article,https://help.zipboard.co/article/129-create-and-modify-a-task,,No,"task, project, create, modify, tasks, add task, task manager, comments",How-to Guide,752
KB-130,Converting Comments To Tasks,Article,https://help.zipboard.co/article/130-converting-comments-to-tasks,2023-12-27,No,"feedback, integration, task, converted, comment, tools, resources, converting",Troubleshooting,205
KB-131,Can My Clients Be External Collaborators For My Zipboard Project,Article,https://help.zipboard.co/article/131-can-my-clients-be-external-collaborators-for-my-zipboard-project,2023-12-11,No,"clients, project, zipboard, collaborators, external, access, feedback, share",How-to Guide,198
KB-134,How To Use Zipboard For Beta Testing,Article,https://help.zipboard.co/article/134-how-to-use-zipboard-for-beta-testing,2023-10-03,No,"beta, project, zipboard, add, file, feedback, users, testing",How-to Guide,713
KB-136,How To Share A File In Zipboard,Article,https://help.zipboard.co/article/136-how-to-share-a-file-in-zipboard,2025-01-23,No,"file, zipboard, share, guests, access, link, collaboration, tools",How-to Guide,526
KB-137,How To Track And Prioritise The Feddback From Guest In Zipboard,Article,https://help.zipboard.co/article/137-how-to-track-and-prioritise-the-feddback-from-guest-in-zipboard,2025-03-24,No,"feedback, Zipboard, track, prioritize, comments, tasks, guest, integration",How-to Guide,371
KB-138,How Are Guest Collaborators Different From Guest Reviewers,Article,https://help.zipboard.co/article/138-how-are-guest-collaborators-different-from-guest-reviewers,2025-08-20,No,"guest, collaborators, guest reviewers, link, shared, project, feedback, access",How-to Guide,616
KB-139,Who Are Referred To As Guests In My Zipboard Project,Article,https://help.zipboard.co/article/139-who-are-referred-to-as-guests-in-my-zipboard-project,2025-07-23,No,"guests, zipboard project, referred guests, access, collaborators, link, project, feedback",How-to Guide,121
KB-140,Do I Have A Keyboard Shortcut To Click Screens In Zipboard,Article,https://help.zipboard.co/article/140-do-i-have-a-keyboard-shortcut-to-click-screens-in-zipboard,2023-09-30,No,"keyboard shortcut, Zipboard, screenshot, click screens, command shift, shift page, tools, feedback",How-to Guide,218
KB-143,Can I Delete My Account,Article,https://help.zipboard.co/article/143-can-i-delete-my-account,2023-12-28,No,"delete account, account management, account, delete, profile, review, contact, resources",Troubleshooting,257
KB-144,Can I Access All My Tasks Across All Projects At One Place,Article,https://help.zipboard.co/article/144-can-i-access-all-my-tasks-across-all-projects-at-one-place,2020-04-03,No,"tasks, integration, access, projects, tasks across projects, one place, task manager, Zipboard",How-to Guide,222
KB-145,Email Alerts Zipboard,Article,https://help.zipboard.co/article/145-email-alerts-zipboard,2023-12-27,No,"email, integration, zipboard, alerts, tasks, account, notifications, collaborators",How-to Guide,262
KB-148,Why Should I Go For An Enterprise Plan,Article,https://help.zipboard.co/article/148-why-should-i-go-for-an-enterprise-plan,2023-12-28,No,"enterprise plan, integration, features, custom, management, resources, branding, storage",How-to Guide,299
KB-149,What Custom Branding Options Are Available With Zipboard Enterprise Plan,Article,https://help.zipboard.co/article/149-what-custom-branding-options-are-available-with-zipboard-enterprise-plan,2023-12-28,No,"custom branding, enterprise plan, Zipboard Enterprise, integration, options, account, logo, URL",How-to Guide,233
KB-150,How Can I Manage User Roles Better With Enterprise Accounts,Article,https://help.zipboard.co/article/150-how-can-i-manage-user-roles-better-with-enterprise-accounts,2024-10-22,No,"enterprise accounts, manage user roles, admin, clients, projects, guest reviewers, collaborators, internal team",How-to Guide,416
KB-151,How Can I Know How Much Storage Space I Have Utilized For My Current Plan,Article,https://help.zipboard.co/article/151-how-can-i-know-how-much-storage-space-i-have-utilized-for-my-current-plan,2023-12-05,No,"storage space, current plan, account, manage, storage, know storage, org, tools",How-to Guide,243
KB-152,How Can Tags Be Managed Better With Enterprise Account,Article,https://help.zipboard.co/article/152-how-can-tags-be-managed-better-with-enterprise-account,2023-12-27,No,"enterprise, account, tags, management, integration, plan, tools, organization",How-to Guide,283
KB-153,What Options Does The Custom Pricing Plan Offers,Article,https://help.zipboard.co/article/153-what-options-does-the-custom-pricing-plan-offers,2023-12-28,No,"custom pricing plan, enterprise plan, private cloud, integration, account hosted, tools resources, options, contact",Other,292
KB-154,Can I Host My Zipboard Account On A Private Cloud,Article,https://help.zipboard.co/article/154-can-i-host-my-zipboard-account-on-a-private-cloud,2023-12-28,No,"private cloud, Zipboard account, host Zipboard, enterprise, account management, integration, resources, custom",Troubleshooting,258
KB-155,If I Need A Plan For 30 Projects Would That Be Possible,Article,https://help.zipboard.co/article/155-if-i-need-a-plan-for-30-projects-would-that-be-possible,2023-12-28,No,"plan, integration, enterprise, projects, resources, tools, custom, contact",Troubleshooting,252
KB-156,Im Unable To Delete The Annotations How Can I Do That,Article,https://help.zipboard.co/article/156-im-unable-to-delete-the-annotations-how-can-i-do-that,2024-01-02,No,"delete, annotations, delete annotations, annotation board, help, resources, access, unable delete",Troubleshooting,247
KB-157,How Can I Get My Web Hosted Content Reviewed With Zipboard,Article,https://help.zipboard.co/article/157-how-can-i-get-my-web-hosted-content-reviewed-with-zipboard,2024-02-27,No,"content, review, zipboard, feedback, integration, web hosted, hosted content, url",How-to Guide,359
KB-158,How To Upload And Review Scorm Valid HTML Content With Zipboard,Article,https://help.zipboard.co/article/158-how-to-upload-and-review-scorm-valid-html-content-with-zipboard,2024-05-23,No,"file, start, review, upload, HTML, Zipboard, SCORM, feedback",How-to Guide,445
KB-159,How Can I Get Feedback On Pdf Content,Article,https://help.zipboard.co/article/159-how-can-i-get-feedback-on-pdf-content,2024-09-27,No,"feedback, pdf, content, review, upload, share, tools, collaborators",How-to Guide,340
KB-160,How To Upload And Review Image Files With Zipboard,Article,https://help.zipboard.co/article/160-how-to-upload-and-review-image-files-with-zipboard,2023-12-11,No,"review, zipboard, images, upload, files, share, collaborators, projects",How-to Guide,409
KB-161,How To Upload And Review Video Files With Zipboard,Article,https://help.zipboard.co/article/161-how-to-upload-and-review-video-files-with-zipboard,2023-12-11,No,"review, video, zipboard, upload, file, link, share, annotations",How-to Guide,448
KB-161,Video Timestamp Comment,Article,https://help.zipboard.co/article/161-video-timestamp-comment,2023-12-11,No,"review, video, zipboard, feedback, integration, upload, annotations, link",How-to Guide,448
KB-163,How Can I Work On Diffrent Versions Of My Files With Zipboard,Article,https://help.zipboard.co/article/163-how-can-i-work-on-diffrent-versions-of-my-files-with-zipboard,2024-09-27,No,"add, integration, versions, different, files, zipboard, work, share",How-to Guide,312
KB-164,What Is The Add Client Button For,Article,https://help.zipboard.co/article/164-what-is-the-add-client-button-for,2025-01-24,No,"add client, client, client button, clients, add, button, project, collaborators",How-to Guide,554
KB-165,How To Switch To Kanban View For Tasks,Article,https://help.zipboard.co/article/165-how-to-switch-to-kanban-view-for-tasks,2023-12-27,No,"Kanban, Switch, Tasks, View, Integration, Tools, Access, Projects",How-to Guide,231
KB-166,How Can I Record A Screen For Review Using Zipboard,Article,https://help.zipboard.co/article/166-how-can-i-record-a-screen-for-review-using-zipboard,2024-10-22,No,"screen, record, review, Zipboard, integration, recording, Chrome, extension",How-to Guide,396
KB-168,How To Upload Images Mocks To Zipboard And Get Live Feedback From People,Article,https://help.zipboard.co/article/168-how-to-upload-images-mocks-to-zipboard-and-get-live-feedback-from-people,2024-10-22,No,"feedback, zipboard, upload, images, mocks, live, people, share",How-to Guide,408
KB-171,API Authentication And Uri Structure,Article,https://help.zipboard.co/article/171-api-authentication-and-uri-structure,2023-11-16,No,"api, authentication, uri structure, rest api, http, api key, token, uri",Reference,324
KB-171,Zipboard API Key Generation And Uri Structure,Article,https://help.zipboard.co/article/171-zipboard-api-key-generation-and-uri-structure,2023-11-16,No,"api, zipboard, rest, http, api key, uri structure, authentication, access",Reference,324
KB-178,API For Project,Article,https://help.zipboard.co/article/178-api-for-project,2021-12-22,No,"project, api, api v1, id (or projectid), http(s), title, user, params",Reference,891
KB-179,API For Files Url,Article,https://help.zipboard.co/article/179-api-for-files-url,2020-02-14,No,"file, url, api, http, api v1, project id, params, authorization",Reference,780
KB-18,What Makes Zipboard Different,Article,https://help.zipboard.co/article/18-what-makes-zipboard-different,2024-08-29,No,"Zipboard, help, integration, video, learn, different, collaboration, features",How-to Guide,440
KB-180,API For Review Links,Article,https://help.zipboard.co/article/180-api-for-review-links,2025-01-21,No,"api, review links, url, http, https, project, fileid, shareurl",Other,572
KB-181,API For Issues Task,Article,https://help.zipboard.co/article/181-api-for-issues-task,2020-02-18,No,"task, api, v1, issues, http, project, id, authorization",Other,938
KB-182,API For Issues Feedback,Article,https://help.zipboard.co/article/182-api-for-issues-feedback,2019-04-23,No,"feedback, API, Zipboard, HTTP, string, id, comments, issues",Other,748
KB-183,HTTP Status Codes,Article,https://help.zipboard.co/article/183-http-status-codes,2019-02-20,No,"HTTP, Status Codes, Help, Resource, Status Code, API, Forbidden, Created",Reference,179
KB-19,How Does Zipboard Help Me Build Better Products,Article,https://help.zipboard.co/article/19-how-does-zipboard-help-me-build-better-products,2023-11-22,No,"integration, zipboard, feedback, better products, build better, tools, resources, access",How-to Guide,234
KB-190,What Is A Kanban Board And How Can I Use It,Article,https://help.zipboard.co/article/190-what-is-a-kanban-board-and-how-can-i-use-it,2023-12-05,No,"kanban board, use it, project, tasks, work, tools, resources, feedback",How-to Guide,352
KB-192,What Can I Do With Slack Integration,Article,https://help.zipboard.co/article/192-what-can-i-do-with-slack-integration,2023-12-28,No,"Slack, Integration, Slack Integration, Zipboard, Integrate Zipboard, Task, Message, Tools",How-to Guide,323
KB-193,Can I Add Multiple Files Or Urls Within 1 Project,Article,https://help.zipboard.co/article/193-can-i-add-multiple-files-or-urls-within-1-project,2025-01-21,No,"files, add multiple, files urls, upload, project, integration, images, pdf",How-to Guide,357
KB-194,What Payment Methods Do You Support,Article,https://help.zipboard.co/article/194-what-payment-methods-do-you-support,2023-12-28,No,"payment methods, payments, support, credit card, paypal, integration, account management, tools",Reference,174
KB-195,How Is Zipboard Different From Other Solutions,Article,https://help.zipboard.co/article/195-how-is-zipboard-different-from-other-solutions,2023-11-22,No,"Zipboard, different, vs, comparison, integration, tools, collaborators, bug tracking",How-to Guide,475
KB-196,How To Review Webpages Using Zipboard,Article,https://help.zipboard.co/article/196-how-to-review-webpages-using-zipboard,2025-05-07,No,"review, url, zipboard, add, follow, steps, video, tools",How-to Guide,373
KB-197,How To Install The Zbreviewboard Extension On Chrome,Article,https://help.zipboard.co/article/197-how-to-install-the-zbreviewboard-extension-on-chrome,2023-12-05,No,"extension, install zbreviewboard, chrome, zbreviewboard extension, install, add extension, click add, account",How-to Guide,235
KB-198,How To Install The Zbreviewboard Extension On Firefox,Article,https://help.zipboard.co/article/198-how-to-install-the-zbreviewboard-extension-on-firefox,2023-10-03,No,"extension, install zbreviewboard, Firefox, zbreviewboard extension, install, add, click, resources",How-to Guide,243
KB-199,How To Install The Zbreviewboard Extension On Internet Explorer Or Safari,Article,https://help.zipboard.co/article/199-how-to-install-the-zbreviewboard-extension-on-internet-explorer-or-safari,2023-10-03,No,"extension, internet explorer, Safari, Zbreviewboard, install, Zbreviewboard extension, download, install zbreviewboard",How-to Guide,282
KB-20,How Can I Use Zipboard For Elearning Projects,Article,https://help.zipboard.co/article/20-how-can-i-use-zipboard-for-elearning-projects,2023-11-22,No,"elearning, Zipboard, projects, feedback, integration, tools, collaborators, share",How-to Guide,175
KB-200,How To Install The Zbreviewboard Extension,Article,https://help.zipboard.co/article/200-how-to-install-the-zbreviewboard-extension,2023-10-03,No,"extension, zbreviewboard, install, install zbreviewboard, chrome, firefox, guide, help",How-to Guide,163
KB-201,Managing The Message Board Of Zipboard,Article,https://help.zipboard.co/article/201-managing-the-message-board-of-zipboard,2023-10-03,No,"message, board, Zipboard, add, collaborators, message board, integrate, feedback",How-to Guide,299
KB-203,Get The Most Out Of Our Guides In Zipboard,Article,https://help.zipboard.co/article/203-get-the-most-out-of-our-guides-in-zipboard,2024-11-26,No,"zipboard, guides, reviewing, integration, extension, content, feedback, tools",How-to Guide,379
KB-205,Does Zipboard Integrate With Wrike,Article,https://help.zipboard.co/article/205-does-zipboard-integrate-with-wrike,2024-10-18,No,"Zipboard, Wrike, Integration, Account, Feedback, Collaborators, Issues, Authentication",Troubleshooting,336
KB-206,How Do I Integrate Zipboard With Wrike,Article,https://help.zipboard.co/article/206-how-do-i-integrate-zipboard-with-wrike,2023-12-28,No,"wrike, zipboard, integration, integrate, project, Zipboard Wrike, feedback, issues",Troubleshooting,344
KB-207,How Are Statuses Mapped Between Zipboard And Wrike,Article,https://help.zipboard.co/article/207-how-are-statuses-mapped-between-zipboard-and-wrike,2023-12-28,No,"Zipboard, Wrike, Integration, Mapped Statuses, Feedback, Tools, Account, Article",How-to Guide,197
KB-208,How Do I Remove Zipboards Integration With Wrike,Article,https://help.zipboard.co/article/208-how-do-i-remove-zipboards-integration-with-wrike,2023-12-28,No,"wrike, integration, zipboard, wrike integration, unlink, delete, feedback, tools",Troubleshooting,287
KB-209,How Do I View The Associated Wrike Issues Directly,Article,https://help.zipboard.co/article/209-how-do-i-view-the-associated-wrike-issues-directly,2023-12-28,No,"wrike, zipboard, integration, issues, associated wrike, view directly, tasks, click",How-to Guide,255
KB-21,How Do I Start With Zipboard,Article,https://help.zipboard.co/article/21-how-do-i-start-with-zipboard,2024-10-22,No,"start, zipboard, integration, add, content, files, feedback, sharing",How-to Guide,268
KB-210,How Do I Edit Wrikes Integration Settings,Article,https://help.zipboard.co/article/210-how-do-i-edit-wrikes-integration-settings,2023-12-28,No,"wrike, integration, edit, integration settings, associated wrike, project, sharing, account",How-to Guide,206
KB-211,How Are Priorities Mapped Between Zipboard And Wrike,Article,https://help.zipboard.co/article/211-how-are-priorities-mapped-between-zipboard-and-wrike,2023-12-28,No,"Zipboard, Wrike, Integration, Mapped Priorities, Feedback, Tools, Account, Article",Reference,197
KB-212,Signing Up With Google,Article,https://help.zipboard.co/article/212-signing-up-with-google,2023-10-03,No,"sign up, Google, account, integration, click, Google Account, help, resources",How-to Guide,196
KB-214,How To Download A Project Status Report,Article,https://help.zipboard.co/article/214-how-to-download-a-project-status-report,2023-12-05,No,"project, status report, download, pdf, reports, integration, tools, collaborators",How-to Guide,192
KB-215,What Happens To Tasks If I Delete My Project,Article,https://help.zipboard.co/article/215-what-happens-to-tasks-if-i-delete-my-project,2023-12-27,No,"projects, delete, tasks, delete project, happens tasks, associated project, account, account management",Troubleshooting,144
KB-216,How To Edit Tags,Article,https://help.zipboard.co/article/216-how-to-edit-tags,2024-10-18,No,"tags, edit tags, tasks, task cards, manage, edit, kanban, select",How-to Guide,441
KB-218,Email Notification,Article,https://help.zipboard.co/article/218-email-notification,2023-11-21,No,"email, send emails, collaborators, collaborators tab, zipboard, admins, click email, clients",How-to Guide,134
KB-22,Can I Use Zipboard With Any Browser,Article,https://help.zipboard.co/article/22-can-i-use-zipboard-with-any-browser,2023-12-05,No,"browser, Zipboard, files, integration, extension, use, Chrome, collaborators",How-to Guide,236
KB-220,Will Collaborators Get Notified By Email When They Assigned To Task Project,Article,https://help.zipboard.co/article/220-will-collaborators-get-notified-by-email-when-they-assigned-to-task-project,2023-09-30,No,"assigned, collaborators, task, task project, notified, email, collaborators emails, email notified",How-to Guide,120
KB-221,Will The Users Get Notification In Zipboard,Article,https://help.zipboard.co/article/221-will-the-users-get-notification-in-zipboard,2023-11-21,No,"users notification, notification zipboard, account notifications, account zipboard, users, zipboard, notification, admins",How-to Guide,122
KB-222,Will My Client Get Messages From Project Team In Enterprise Edition,Article,https://help.zipboard.co/article/222-will-my-client-get-messages-from-project-team-in-enterprise-edition,2023-09-30,No,"messages, clients, enterprise edition, project team, clients, collaborators, feedback, enterprise",How-to Guide,109
KB-223,Can Client Convert Feedback From Other Stackholders,Article,https://help.zipboard.co/article/223-can-client-convert-feedback-from-other-stackholders,2025-01-24,No,"feedback, client, client feedback, integrate, review, team, collaboration, convert",How-to Guide,567
KB-225,How To File A Bug,Article,https://help.zipboard.co/article/225-how-to-file-a-bug,2024-01-02,No,"file, bug, article, create, task, zipboard, review, collaborators",How-to Guide,451
KB-226,How Do I Share My Website Pdf File HTML Scorm File Images Or Video,Article,https://help.zipboard.co/article/226-how-do-i-share-my-website-pdf-file-html-scorm-file-images-or-video,2025-01-23,No,"share, file, pdf, html, scorm, image, video, website",How-to Guide,501
KB-227,Share Link Settings,Article,https://help.zipboard.co/article/227-share-link-settings,2025-01-23,No,"share link, comments, access, guests, annotations, files, review, boards",How-to Guide,1048
KB-228,If I Remove A User From My Organization Or Project What Happens To There Tasks And Comments,Article,https://help.zipboard.co/article/228-if-i-remove-a-user-from-my-organization-or-project-what-happens-to-there-tasks-and-comments,2024-02-27,No,"organization, project, user, remove, tasks, comments, collaborator, automatically",Troubleshooting,134
KB-229,How Do I Remove Members From An Organization,Article,https://help.zipboard.co/article/229-how-do-i-remove-members-from-an-organization,2024-08-29,No,"organization, members, remove members, admin, users, manage, manage org, account",How-to Guide,368
KB-23,How To Add And Review Different Types Of Content With Zipboard,Article,https://help.zipboard.co/article/23-how-to-add-and-review-different-types-of-content-with-zipboard,2024-11-26,No,"review, content, upload, Zipboard, file(s), PDF, image(s), collaboration",How-to Guide,647
KB-23,What Kind Of Projects Files Can I Upload To Zipboard,Article,https://help.zipboard.co/article/23-what-kind-of-projects-files-can-i-upload-to-zipboard,2024-11-26,No,"upload, zipboard, files, pdf, video, image, images, review",How-to Guide,647
KB-231,Getting Feedback,Article,https://help.zipboard.co/article/231-getting-feedback,2024-10-22,No,"feedback, add, account, add feedback, client, integration, link, project",How-to Guide,378
KB-232,Managing Stakeholders,Article,https://help.zipboard.co/article/232-managing-stakeholders,2025-07-23,No,"add, collaborators, organization, project, clients, managers, feedback, members",How-to Guide,535
KB-233,Will A Collaborator Get Email Notification When A Reply Is Added To His Feedback,Article,https://help.zipboard.co/article/233-will-a-collaborator-get-email-notification-when-a-reply-is-added-to-his-feedback,2023-09-30,No,"email, feedback, added, collaborator, email notification, reply, collaborator email, notification reply",How-to Guide,122
KB-234,What Happens If We Delete Shared Link For Review To Users,Article,https://help.zipboard.co/article/234-what-happens-if-we-delete-shared-link-for-review-to-users,2023-12-14,No,"shared link, delete shared, link review, user, feedback, file, review users, delete",Troubleshooting,212
KB-235,What Is Manager Role,Article,https://help.zipboard.co/article/235-what-is-manager-role,2024-08-29,No,"manager role, add collaborators, assign task, review files, feedback, projects, clients, messages",Troubleshooting,263
KB-237,API For Organization,Article,https://help.zipboard.co/article/237-api-for-organization,2021-05-25,No,"api, organization, http, https, user, api organization, rest, url",Reference,257
KB-24,Can I Upload Multiple Images,Article,https://help.zipboard.co/article/24-can-i-upload-multiple-images,2023-12-11,No,"multiple images, upload, upload multiple, images, account, account management, zipboard, client",How-to Guide,145
KB-240,Responses,Article,https://help.zipboard.co/article/240-responses,2020-02-18,No,"api, response, responses, zipboard, http, https, url, issues",Other,657
KB-241,How To Install Widget And Use It,Article,https://help.zipboard.co/article/241-how-to-install-widget-and-use-it,2024-10-31,No,"widget, click, integration, page, account, install, plugin, use",How-to Guide,502
KB-242,Is Make An Announcement In Zipboard For All Projects In The Organization,Article,https://help.zipboard.co/article/242-is-make-an-announcement-in-zipboard-for-all-projects-in-the-organization,2024-05-21,No,"announcement, Zipboard, projects, organization, make announcement, add announcement, projects organization, account",Announcement,220
KB-243,How To Disable Added Announcement,Article,https://help.zipboard.co/article/243-how-to-disable-added-announcement,2023-12-05,No,"announcement, disable, added, article, account, tools, Zipboard, disable added",How-to Guide,187
KB-244,How To Delete Announcement,Article,https://help.zipboard.co/article/244-how-to-delete-announcement,2023-12-05,No,"delete, announcement, article, delete announcement, account, manage, announcements, actions",How-to Guide,159
KB-245,Is Full Page Screenshot Option Availble In Zipboard,Article,https://help.zipboard.co/article/245-is-full-page-screenshot-option-availble-in-zipboard,2024-10-18,No,"page screenshot, Zipboard, full page screenshot, available, option, integration, web URL, tools",How-to Guide,280
KB-246,Can Screens Can Be Added To Task In The Project,Article,https://help.zipboard.co/article/246-can-screens-can-be-added-to-task-in-the-project,2023-12-27,No,"screen, add, task, project, integrated, click, select, file",How-to Guide,240
KB-247,Can I Sign In Using A Microsoft Account With Zipboard,Article,https://help.zipboard.co/article/247-can-i-sign-in-using-a-microsoft-account-with-zipboard,2023-12-28,No,"Microsoft Account, Zipboard, Sign In, Click Sign, Using, Integration, App, Resources",How-to Guide,227
KB-248,What Is The Message Feature In Zipboard,Article,https://help.zipboard.co/article/248-what-is-the-message-feature-in-zipboard,2023-12-05,No,"message, Zipboard, feature, collaborators, clients, add message, project, attach",How-to Guide,349
KB-25,I Upload A File But Its Stuck What Should I Do,Article,https://help.zipboard.co/article/25-i-upload-a-file-but-its-stuck-what-should-i-do,2023-11-16,No,"file, stuck, upload, help, zipboard, contact, support, tools",Troubleshooting,249
KB-251,Can We Import Tasks To Zipboard From CSV Excel,Article,https://help.zipboard.co/article/251-can-we-import-tasks-to-zipboard-from-csv-excel,2023-12-27,No,"Zipboard, CSV, Excel, Import, Tasks, Integration, Import CSV, Tasks Zipboard",How-to Guide,193
KB-252,Getting Started With Zipboard,Article,https://help.zipboard.co/article/252-getting-started-with-zipboard,2024-11-26,No,"tasks, zipboard, get started, project, collaborators, review, files, integration",How-to Guide,1103
KB-253,Do We Have Reports On Project Based In Zipboard,Article,https://help.zipboard.co/article/253-do-we-have-reports-on-project-based-in-zipboard,2023-12-11,No,"project, reports, zipboard, based, integration, feedback, client sharing, collaborators",How-to Guide,174
KB-254,Do Slack Channel Get Notified If Task Is Created Or Updated In Zipboard,Article,https://help.zipboard.co/article/254-do-slack-channel-get-notified-if-task-is-created-or-updated-in-zipboard,2023-12-28,No,"Slack, Integration, Zipboard, Task, Created, Updated, Channel, Notified",How-to Guide,240
KB-255,How To Work With Microsoft Teams App With Zipboard Integrated In It,Article,https://help.zipboard.co/article/255-how-to-work-with-microsoft-teams-app-with-zipboard-integrated-in-it,2023-12-28,No,"Microsoft Teams, App, Zipboard, Integration, Account, Teams App, Integrated Zipboard, Work",How-to Guide,311
KB-256,Does Zipboard Support Two Way Communication With Jira,Article,https://help.zipboard.co/article/256-does-zipboard-support-two-way-communication-with-jira,2023-12-28,No,"jira, zipboard, integration, integrate, two way communication, support, communication, jira integration",Troubleshooting,259
KB-257,Whats Next After Zipboard Account Integrated At Organization Level With Jira,Article,https://help.zipboard.co/article/257-whats-next-after-zipboard-account-integrated-at-organization-level-with-jira,2023-12-28,No,"jira, zipboard, integration, account, organization level, integration, associated, projects",Troubleshooting,259
KB-258,Can We Capture Screenshotrecord Video Without Going To Zipboard,Article,https://help.zipboard.co/article/258-can-we-capture-screenshotrecord-video-without-going-to-zipboard,2024-03-20,No,"recording, video, screenshot, extension, Zipboard, integration, capture, tools",How-to Guide,420
KB-259,How To Invite Collaborator To Project,Article,https://help.zipboard.co/article/259-how-to-invite-collaborator-to-project,2023-11-21,No,"collaborators, invite, project, link, email, add, collaborators, invite link",How-to Guide,213
KB-26,What Authoring Tools Does Zipboard Support,Article,https://help.zipboard.co/article/26-what-authoring-tools-does-zipboard-support,2019-04-09,No,"authoring tools, Zipboard, integration, upload, review, tools resources, feedback, projects",Troubleshooting,279
KB-260,How To Install The Zbreviewboard Extension On Edge,Article,https://help.zipboard.co/article/260-how-to-install-the-zbreviewboard-extension-on-edge,2023-10-03,No,"extension, install zbreviewboard, installed, edge, zbreviewboard extension, integration, tools, resources",How-to Guide,233
KB-261,Getting Started As A Collaborator,Article,https://help.zipboard.co/article/261-getting-started-as-a-collaborator,2025-07-23,No,"feedback, project, collaborator, collaborators, getting started, tasks, share, files",How-to Guide,437
KB-262,How Secure Is Zipboard,Article,https://help.zipboard.co/article/262-how-secure-is-zipboard,2026-02-05,No,"Zipboard, security, data, access, cloud, enterprise, Azure, encryption",How-to Guide,628
KB-264,What Is Client Role In Enterprise Edition,Article,https://help.zipboard.co/article/264-what-is-client-role-in-enterprise-edition,2025-01-24,No,"client, client role, enterprise edition, feedback, collaboration, add client, client button, client collaboration",How-to Guide,427
KB-265,How To Review And Collaborate On Video Projects,Article,https://help.zipboard.co/article/265-how-to-review-and-collaborate-on-video-projects,2023-12-11,No,"video, review, collaborators, project, tools, annotation, share, feedback",How-to Guide,710
KB-266,Comprehensive Guides For Zipboard,Article,https://help.zipboard.co/article/266-comprehensive-guides-for-zipboard,2025-01-24,No,"comprehensive guide, Zipboard, help, users, admins, collaborators, articles, feedback",How-to Guide,298
KB-267,Can We Add Live Annotations With Zipboard Extension,Article,https://help.zipboard.co/article/267-can-we-add-live-annotations-with-zipboard-extension,2023-12-08,No,"add, live annotations, Zipboard extension, integration, comments, feedback, live, annotations",How-to Guide,472
KB-27,What Are The Upload Limits,Article,https://help.zipboard.co/article/27-what-are-the-upload-limits,2023-12-05,No,"upload limits, upload, zipboard, disk space, files, image, integration, tools",Troubleshooting,242
KB-271,Visual Reviews And Feedback With Zipboard,Article,https://help.zipboard.co/article/271-visual-reviews-and-feedback-with-zipboard,2024-10-18,No,"feedback, zipboard, visual reviews, integration, tools, files, sharing, clients",How-to Guide,366
KB-272,Manage Tasks Better With Zipboard,Article,https://help.zipboard.co/article/272-manage-tasks-better-with-zipboard,2024-10-09,No,"tasks, manage tasks, Zipboard, Kanban, tools, integration, collaborators, feedback",How-to Guide,327
KB-273,Collaborate Better With Zipboard,Article,https://help.zipboard.co/article/273-collaborate-better-with-zipboard,2023-11-22,No,"collaborate, Zipboard, better, collaborators, project, integration, feedback, sharing",How-to Guide,285
KB-274,Generate Consolidated Reports With Zipboard,Article,https://help.zipboard.co/article/274-generate-consolidated-reports-with-zipboard,2023-12-13,No,"consolidated reports, Zipboard, generate consolidated, reports project, integration, tools, resources, account management",Reference,204
KB-278,Auto Generated Reports,Article,https://help.zipboard.co/article/278-auto-generated-reports,,No,"JavaScript, Option, Browser, Click, Help, Scout, Changes, Chrome (or Google Chrome)",Troubleshooting,248
KB-28,Accessing Private Windows,Article,https://help.zipboard.co/article/28-accessing-private-windows,2023-12-05,No,"private windows, accessing, accessing reviewboard, integration, zipboard, files, upload, review",How-to Guide,210
KB-28,Accessing Reviewboard Private Windows,Article,https://help.zipboard.co/article/28-accessing-reviewboard-private-windows,2023-12-05,No,"private windows, reviewboard private, accessing reviewboard, access, upload review, files, image, tools",How-to Guide,210
KB-280,Task Management With Zipboard,Article,https://help.zipboard.co/article/280-task-management-with-zipboard,,No,"JavaScript, Option, Browser, Click, Help, Zipboard (or Scout), Changes, Chrome (or Firefox)",Troubleshooting,250
KB-281,Review All Types Of Content In One Place,Article,https://help.zipboard.co/article/281-review-all-types-of-content-in-one-place,2024-05-21,No,"review, content, types, upload, files, images, video, tools",How-to Guide,362
KB-282,Can We See Error Logs In Zipboard Related To Jira Integration,Article,https://help.zipboard.co/article/282-can-we-see-error-logs-in-zipboard-related-to-jira-integration,2023-12-28,No,"jira, zipboard, integration, error logs, logs, Zipboard Jira, related, support",Troubleshooting,238
KB-283,Zipboard Pricing Update March 2021,Article,https://help.zipboard.co/article/283-zipboard-pricing-update-march-2021,2024-10-18,No,"plan, zipboard, pricing, free trial, new plans, March, upgrade, paid",Troubleshooting,613
KB-284,Enterprise Plan What To Expect,Article,https://help.zipboard.co/article/284-enterprise-plan-what-to-expect,2024-10-22,No,"enterprise plan, integration, features, custom, feedback, account management, projects, tools",How-to Guide,245
KB-285,How Do I Enable Webhooks To Receive Updates From Jira,Article,https://help.zipboard.co/article/285-how-do-i-enable-webhooks-to-receive-updates-from-jira,2023-12-28,No,"""jira"", ""enable"", ""webhook"", ""integrate jira"", ""receive updates"", ""api"", ""api token"", ""authentication""",How-to Guide,244
KB-286,What Are Different Types Of Content Created Using Authoring Tools Does Zipboard Support For Adding Live Annotations,Article,https://help.zipboard.co/article/286-what-are-different-types-of-content-created-using-authoring-tools-does-zipboard-support-for-adding-live-annotations,2023-12-05,No,"support, zipboard, authoring tools, content created, live annotations, created using, adding, Zipboard Support",Troubleshooting,317
KB-287,I Have Uploaded Articulate Scorm File But Live Annotations Does Not Work What Was The Issue,Article,https://help.zipboard.co/article/287-i-have-uploaded-articulate-scorm-file-but-live-annotations-does-not-work-what-was-the-issue,2024-01-02,No,"scorm, articulate scorm, scorm file, uploaded, live annotations, annotations, published, issue",Troubleshooting,273
KB-288,Using Zipboard Browser Extension Across A Business Account,Article,https://help.zipboard.co/article/288-using-zipboard-browser-extension-across-a-business-account,2023-10-03,No,"zipboard, extension, browser, account, integration, microsoft edge, policies, article",Troubleshooting,298
KB-29,How Secure Is My Data With Zipboard,Article,https://help.zipboard.co/article/29-how-secure-is-my-data-with-zipboard,2023-12-28,No,"data, zipboard, security, privacy, integration, files, tools, backup",Reference,352
KB-292,Integrations,Article,https://help.zipboard.co/article/292-integrations,2025-03-26,No,"integrations, integration, zipboard, jira, wrike, slack, integration settings, mapped",Troubleshooting,643
KB-294,Why Integrate Zipboard Lambdatest,Article,https://help.zipboard.co/article/294-why-integrate-zipboard-lambdatest,2023-12-28,No,"Zipboard, Lambdatest, Integration, Browser Testing, Cloud, Cross Browser, Tools, Collaborators",How-to Guide,287
KB-295,How Integrate Zipboard Lambdatest,Article,https://help.zipboard.co/article/295-how-integrate-zipboard-lambdatest,2023-12-28,No,"integrate, zipboard, lambdatest, api, integration, api key, account, tools",How-to Guide,399
KB-296,How Log Bug Lambdatest Zipboard,Article,https://help.zipboard.co/article/296-how-log-bug-lambdatest-zipboard,2023-12-28,No,"log bug, lambdatest, zipboard, screenshot, integration, task, project, feedback",How-to Guide,446
KB-297,How Remove Zipboard Lambdatest Integration,Article,https://help.zipboard.co/article/297-how-remove-zipboard-lambdatest-integration,2023-12-28,No,"integration, zipboard, lambdatest, remove, resources, tools, account, contact",How-to Guide,167
KB-30,Does Zipboard Backup Data In Case Of Emergency,Article,https://help.zipboard.co/article/30-does-zipboard-backup-data-in-case-of-emergency,2023-12-28,No,"backup data, Zipboard, emergency, case, backup Zipboard, data case, resources, tools",How-to Guide,151
KB-300,How To Upload A Pdf File,Article,https://help.zipboard.co/article/300-how-to-upload-a-pdf-file,2023-12-11,No,"upload pdf, pdf file, upload, account, account management, add choose, contact, feedback",How-to Guide,132
KB-302,Stamp Feature,Article,https://help.zipboard.co/article/302-stamp-feature,2023-12-05,No,"stamp, integration, organization, adding, tools, using, feedback, accessibility",How-to Guide,238
KB-304,Adding Using The Signatures In Zipboard,Article,https://help.zipboard.co/article/304-adding-using-the-signatures-in-zipboard,2023-12-05,No,"signature, integration, adding, using, Zipboard, select signature, toolbar, signatures",How-to Guide,219
KB-305,Test,Article,https://help.zipboard.co/article/305-test,2023-12-05,No,"project, phase, review, cycle, integration, feedback, tools, resources",How-to Guide,412
KB-308,How Do I Re Authenticate My Jira Integration,Article,https://help.zipboard.co/article/308-how-do-i-re-authenticate-my-jira-integration,2023-12-28,No,"integration, jira, authenticate jira, authenticate, atlassian, account, connection, resources",How-to Guide,301
KB-309,How Update Task Statuses,Article,https://help.zipboard.co/article/309-how-update-task-statuses,,No,"JavaScript, Option, Browser, Click, Help Scout, Select, Settings, Changes",Troubleshooting,250
KB-31,How Do I Add A New Feature Request,Article,https://help.zipboard.co/article/31-how-do-i-add-a-new-feature-request,2018-03-26,No,"add new feature request, feature request, integration (Zipboard), contact, feedback, help, resources, tools",How-to Guide,207
KB-312,Integrating The Zipboard API Into User Application,Article,https://help.zipboard.co/article/312-integrating-the-zipboard-api-into-user-application,2023-10-03,No,"task, zipboard API, project, user application, file, authentication, authorization, integration",How-to Guide,942
KB-313,Kanban View For Content,Article,https://help.zipboard.co/article/313-kanban-view-for-content,2023-12-05,No,"content, kanban, view, kanban board, phases, integrate, organize content, drag and drop",How-to Guide,406
KB-314,Assign Phases To Content,Article,https://help.zipboard.co/article/314-assign-phases-to-content,,No,"JavaScript option, browser changes, click, select, Google Chrome, Firefox, settings, log",Troubleshooting,250
KB-315,Assign Statuses To Content,Article,https://help.zipboard.co/article/315-assign-statuses-to-content,2023-12-05,No,"content, assign statuses, statuses, content manager, kanban, assignee, date, tasks",How-to Guide,318
KB-317,Assign Content To Multiple Collaborators,Article,https://help.zipboard.co/article/317-assign-content-to-multiple-collaborators,2023-12-05,No,"content, assign, collaborators, assign content, multiple collaborators, tasks, tools, integration",How-to Guide,326
KB-318,What Happens To Content If Delete Phase,Article,https://help.zipboard.co/article/318-what-happens-to-content-if-delete-phase,2023-12-11,No,"content, delete, phase, delete phase, phases, kanban board, collaborators, resources",Troubleshooting,306
KB-319,What Are Content Uploads,Article,https://help.zipboard.co/article/319-what-are-content-uploads,2023-10-03,No,"content uploads, integration, zipboard, files, share, collaboration, account management, annotate",Reference,171
KB-32,I Cannot Play My Scorm File With Zipboard What Can Be The Issue,Article,https://help.zipboard.co/article/32-i-cannot-play-my-scorm-file-with-zipboard-what-can-be-the-issue,2024-01-02,No,"zipboard, scorm file, play, issue, integration, tools, feedback, browser",Troubleshooting,286
KB-320,What Are Managers,Article,https://help.zipboard.co/article/320-what-are-managers,2024-10-22,No,"managers, projects, help, create, feedback, organization, admins, contact",Troubleshooting,144
KB-321,Does Zipboard Have Sso,Article,https://help.zipboard.co/article/321-does-zipboard-have-sso,2023-10-03,No,"integration, zipboard, sso, single sign, accounts, accounts enterprise, does zipboard, access",Troubleshooting,162
KB-323,Requirements For Course Uploads In Zipboard,Article,https://help.zipboard.co/article/323-requirements-for-course-uploads-in-zipboard,2023-10-03,No,"course, course uploads, zipboard, authoring tools, integration, requirements, api, annotations",Reference,556
KB-327,So Ive Been Given A Zipboard Share Link Now What,Article,https://help.zipboard.co/article/327-so-ive-been-given-a-zipboard-share-link-now-what,2024-08-29,No,"zipboard, share link, access, view, boards, comments, signup, login",How-to Guide,578
KB-328,The Various Permissions You Can Grant When Using Share Links,Article,https://help.zipboard.co/article/328-the-various-permissions-you-can-grant-when-using-share-links,2025-01-23,No,"share link, links, permissions, view, comments, feedback, collaboration, files",How-to Guide,693
KB-329,Managing Share Links,Article,https://help.zipboard.co/article/329-managing-share-links,2025-01-23,No,"share link, share links, access, links, manage, boards, reviews, user",How-to Guide,575
KB-33,I Just Uploaded A Captivate Scorm File But Could Not Access It Using Zipboard What Can Be The Issue,Article,https://help.zipboard.co/article/33-i-just-uploaded-a-captivate-scorm-file-but-could-not-access-it-using-zipboard-what-can-be-the-issue,2023-09-30,No,"captivate scorm, file, uploaded, zipboard, access, issue, tools, contact",Troubleshooting,276
KB-330,Annotate Content Without Using Extension,Article,https://help.zipboard.co/article/330-annotate-content-without-using-extension,2023-12-05,No,"content, annotate, annotate content, tools, integration, feedback, embedded annotations, workflow",How-to Guide,281
KB-331,Another Way To Receive Client Feedback,Article,https://help.zipboard.co/article/331-another-way-to-receive-client-feedback,2022-12-21,No,"feedback, client, browser extension, integration, downloading, receive feedback, tools, comfortable",Other,262
KB-332,Difference Between Embedded Annotations And Browser Extension,Article,https://help.zipboard.co/article/332-difference-between-embedded-annotations-and-browser-extension,2024-01-02,No,"embedded annotations, browser extension, difference, features, integration, embedded, annotations browser, using",How-to Guide,272
KB-334,Ive Been Given A Share Link With View All Boards Comments Only Access,Article,https://help.zipboard.co/article/334-ive-been-given-a-share-link-with-view-all-boards-comments-only-access,2024-10-18,No,"link, share, share link, access, boards, comments, view, given",Troubleshooting,412
KB-335,Ive Been Given A Share Link With Add New Boards Reviews Only Access,Article,https://help.zipboard.co/article/335-ive-been-given-a-share-link-with-add-new-boards-reviews-only-access,2024-10-18,No,"link, share link, access, boards reviews, new, add new, given, reviews",Troubleshooting,365
KB-336,Ive Been Given A Share Link With View All And Add New Boards Reviews Access,Article,https://help.zipboard.co/article/336-ive-been-given-a-share-link-with-view-all-and-add-new-boards-reviews-access,2024-10-18,No,"link, share link, access, boards, given, new, view all, Add New Boards Reviews",Troubleshooting,399
KB-338,Ive Been Given A Share Link With Required Signup Login And View All Boards Comments Access Now What,Article,https://help.zipboard.co/article/338-ive-been-given-a-share-link-with-required-signup-login-and-view-all-boards-comments-access-now-what,2024-08-29,No,"link, share link, access, boards, comments, signup login, view all, required",Troubleshooting,400
KB-339,Ive Been Given A Share Link With Required Signup Login And Add New Boards Reviews Access Now What,Article,https://help.zipboard.co/article/339-ive-been-given-a-share-link-with-required-signup-login-and-add-new-boards-reviews-access-now-what,2024-08-29,No,"share link, access, given, required signup, login, add new, boards reviews, Zipboard",How-to Guide,382
KB-340,Ive Been Given A Share Link With Required Signup Login View All And Add New Boards Reviews Access Now What,Article,https://help.zipboard.co/article/340-ive-been-given-a-share-link-with-required-signup-login-view-all-and-add-new-boards-reviews-access-now-what,2024-10-18,No,"share link, access, given, required signup, login, view all, add new, boards reviews",How-to Guide,421
KB-342,The Different Ways To Invite Reviewers To Get Feedback On Content Or Documents In Zipboard,Article,https://help.zipboard.co/article/342-the-different-ways-to-invite-reviewers-to-get-feedback-on-content-or-documents-in-zipboard,2024-08-29,No,"project, reviewers, zipboard, email, invite, link, collaborators, feedback",Other,898
KB-343,Annotation Tools Backup,Article,https://help.zipboard.co/article/343-annotation-tools-backup,2024-10-22,No,"tool, annotation, annotation tools, comment, feedback, backup, screenshot, zipboard",How-to Guide,1826
KB-344,Adding Managers To Your Account,Article,https://help.zipboard.co/article/344-adding-managers-to-your-account,2024-10-22,No,"managers, account, adding, managers account, add, adding managers, admins, account based",How-to Guide,127
KB-349,How To Use The Share Link Security Features,Article,https://help.zipboard.co/article/349-how-to-use-the-share-link-security-features,2025-01-23,No,"share link, security features, sharing, integration, password, recipients, access, collaboration",How-to Guide,617
KB-35,What Is Review Board,Article,https://help.zipboard.co/article/35-what-is-review-board,2023-12-13,No,"review board, comment, content, feedback, integrate, tools, upload, access",How-to Guide,533
KB-351,Apis For Custom Integration,Article,https://help.zipboard.co/article/351-apis-for-custom-integration,2023-10-03,No,"api, custom integration, apis, file(s), projects, organization, api key, Zipboard",How-to Guide,530
KB-353,Can I Add Text Annotation In Pdf And Make It A Task Comment,Article,https://help.zipboard.co/article/353-can-i-add-text-annotation-in-pdf-and-make-it-a-task-comment,2024-10-02,No,"task, add text annotation, pdf, comment, users, collaborators, integration, tools",How-to Guide,357
KB-354,How Do I Share Files With A Client,Article,https://help.zipboard.co/article/354-how-do-i-share-files-with-a-client,2025-01-24,No,"client, share files, files, client access, email, link, tools, share",How-to Guide,500
KB-359,Mp3 File Sharing Feature,Article,https://help.zipboard.co/article/359-mp3-file-sharing-feature,2024-04-24,No,"audio, mp3, files, share, integration, comments, feedback, tools",How-to Guide,681
KB-36,What Are Boards,Article,https://help.zipboard.co/article/36-what-are-boards,2023-09-30,No,"boards, integration, screens, zipboard, feedback, annotations, sharing, review",How-to Guide,251
KB-360,Enhanced Notifications,Article,https://help.zipboard.co/article/360-enhanced-notifications,2023-12-27,No,"task, notification, updates, integration, email, individual notifications, collaboration, resources",How-to Guide,456
KB-361,Can We Tag Users In Live Annotations Too,Article,https://help.zipboard.co/article/361-can-we-tag-users-in-live-annotations-too,2023-12-13,No,"live annotation, tag users, collaborators, tools, integration, feedback, annotations, resources",How-to Guide,340
KB-362,How To Enable Camera And Video Access,Article,https://help.zipboard.co/article/362-how-to-enable-camera-and-video-access,2024-03-16,No,"access, camera, video, enable, settings, chrome, permissions, website",How-to Guide,560
KB-37,Whats The Whole Set Of Tools Available On Review Board,Article,https://help.zipboard.co/article/37-whats-the-whole-set-of-tools-available-on-review-board,2023-12-05,No,"tools, review board, integration, resources, access, projects, feedback, available",How-to Guide,237
KB-374,Zipboard Users Workflow,Article,https://help.zipboard.co/article/374-zipboard-users-workflow,2024-10-22,No,"Zipboard, users, workflow, project, collaborators, managers, admin, roles",How-to Guide,407
KB-375,Roles And Permissions,Article,https://help.zipboard.co/article/375-roles-and-permissions,2024-10-22,No,"admin, organization, permissions, roles, users, projects, guide, access",Reference,352
KB-376,Introduction To Super Admins,Article,https://help.zipboard.co/article/376-introduction-to-super-admins,2025-07-23,No,"super admins, admins, project, management, organization, permissions, integrations, statuses",How-to Guide,458
KB-377,Introduction To Managers,Article,https://help.zipboard.co/article/377-introduction-to-managers,2025-07-25,No,"project managers, tasks, collaborators, feedback, reports, organization, permissions, projects",How-to Guide,562
KB-378,Introduction To Collaborators,Article,https://help.zipboard.co/article/378-introduction-to-collaborators,2025-07-23,No,"collaborators, project, tasks, feedback, review, content, contribution, Zipboard",How-to Guide,441
KB-38,How Can I Access My Content Back Once I Have Started A Review Session,Article,https://help.zipboard.co/article/38-how-can-i-access-my-content-back-once-i-have-started-a-review-session,2024-10-18,No,"review, session, access content, started, feedback, project, tools, Zipboard",How-to Guide,263
KB-383,Can We Add Replies For Live Annotations,Article,https://help.zipboard.co/article/383-can-we-add-replies-for-live-annotations,2024-09-27,No,"add, live annotations, replies, integration, Zipboard, annotations, tools, account management",How-to Guide,228
KB-384,Customizing Statuses At The Project Level,Article,https://help.zipboard.co/article/384-customizing-statuses-at-the-project-level,2024-10-11,No,"project, level, statuses, add, new, project level, statuses project, save changes",How-to Guide,520
KB-388,How To Review A Zip File,Article,https://help.zipboard.co/article/388-how-to-review-a-zip-file,2023-11-16,No,"zip file, review, zip, file, review zip, resources, tools, contact",How-to Guide,173
KB-389,Zapier X Zipboard Integration,Article,https://help.zipboard.co/article/389-zapier-x-zipboard-integration,2023-11-21,No,"zapier, zipboard, integration, account, api key, app, connect, integrate",How-to Guide,652
KB-39,I Can T Access The Review Board What Might Be The Issue,Article,https://help.zipboard.co/article/39-i-can-t-access-the-review-board-what-might-be-the-issue,2024-10-18,No,"integration, Zipboard, extension, review board, access, issue, tools, annotations",Troubleshooting,256
KB-390,Getting Started As Clients,Article,https://help.zipboard.co/article/390-getting-started-as-clients,2025-07-23,No,"client, project, zipboard, feedback, role, team, understanding, tasks",How-to Guide,295
KB-391,How To Create Transparent Text Boxes,Article,https://help.zipboard.co/article/391-how-to-create-transparent-text-boxes,2023-12-13,No,"text boxes, create, transparent, integration, tools, adjust opacity, share, feedback",How-to Guide,289
KB-392,Change Email Address In Zipboard Account,Article,https://help.zipboard.co/article/392-change-email-address-in-zipboard-account,2023-12-14,No,"account, email, change, zipboard, address, account management, update, tools",How-to Guide,269
KB-393,Can We Edit Org Statuses,Article,https://help.zipboard.co/article/393-can-we-edit-org-statuses,2024-06-27,No,"statuses, organization, add, edit, integration, settings, click, organizational",How-to Guide,338
KB-394,Can We Add Statuses From Project Level,Article,https://help.zipboard.co/article/394-can-we-add-statuses-from-project-level,2024-08-14,No,"project, add, statuses, default, level, admin, project level, set default",How-to Guide,491
KB-40,I Can T Install Zipboard S Google Chrome Mozilla Firefox Extensions What Could Be Wrong,Article,https://help.zipboard.co/article/40-i-can-t-install-zipboard-s-google-chrome-mozilla-firefox-extensions-what-could-be-wrong,2023-09-30,No,"install zipboard, chrome, firefox, extensions, mozilla, google, wrong, help",Troubleshooting,250
KB-400,How To Record And Manage Videos On Zipboard,Article,https://help.zipboard.co/article/400-how-to-record-and-manage-videos-on-zipboard,2024-12-03,No,"recording, video, zipboard, feedback, record, screen, video recording, recorded video",How-to Guide,483
KB-401,Managing Guest Reviewer Notifications And Access In Zipbboard,Article,https://help.zipboard.co/article/401-managing-guest-reviewer-notifications-and-access-in-zipbboard,2024-02-08,No,"access, guest reviewer, notifications, Zipboard, sharing, link, managing, email",How-to Guide,476
KB-402,Workflow Of Clients,Article,https://help.zipboard.co/article/402-workflow-of-clients,2025-07-23,No,"clients, project, review, feedback, internal team, email, approve, changes",How-to Guide,547
KB-403,Complete Workflow For All Zipboard Users,Article,https://help.zipboard.co/article/403-complete-workflow-for-all-zipboard-users,2025-07-25,No,"admin, super admin, zipboard, users, projects, add/remove, settings, billing",How-to Guide,496
KB-409,Best Practices For Creating Scorm Courses HTML That Work In Zipboard,Article,https://help.zipboard.co/article/409-best-practices-for-creating-scorm-courses-html-that-work-in-zipboard,2024-05-08,No,"zipboard, courses, scorm, html, authoring tools, best practices, annotations, integration",How-to Guide,696
KB-41,How Do I Use The Responsive Test Feature Of Zipboard,Article,https://help.zipboard.co/article/41-how-do-i-use-the-responsive-test-feature-of-zipboard,2024-10-18,No,"responsive test, Zipboard, use, feature, review, annotations, comments, website",How-to Guide,408
KB-410,How To Add A Start File,Article,https://help.zipboard.co/article/410-how-to-add-a-start-file,2024-05-23,No,"start file, add start file, SCORM file, authoring tools, integration, files, HTML, Zipboard",How-to Guide,475
KB-411,A Guide To Zipboards Task List,Article,https://help.zipboard.co/article/411-a-guide-to-zipboards-task-list,2024-06-01,No,"tasks, task, zipboard, list, task list, view, projects, guide",How-to Guide,524
KB-412,How To Find The Documents And Digital Assets You Need In Zipboard,Article,https://help.zipboard.co/article/412-how-to-find-the-documents-and-digital-assets-you-need-in-zipboard,2024-06-01,No,"documents, digital assets, zipboard, search, view, files, filter, tools",How-to Guide,472
KB-413,The Essential Guide For Aec Teams,Article,https://help.zipboard.co/article/413-the-essential-guide-for-aec-teams,2024-08-29,No,"project, AEC, team, integration, documents, review, collaboration, tools",How-to Guide,821
KB-416,How Version Control Works In Zipboard,Article,https://help.zipboard.co/article/416-how-version-control-works-in-zipboard,2025-03-05,No,"version, file, zipboard, version control, new version, upload, team, collaboration",How-to Guide,675
KB-417,Getting Started With The Zipboard Outlook Plugin,Article,https://help.zipboard.co/article/417-getting-started-with-the-zipboard-outlook-plugin,2024-10-18,No,"zipboard, outlook, plugin, outlook plugin, zipboard outlook, task, integration, tools",How-to Guide,518
KB-418,New Update On Ai Powered Statuses,Article,https://help.zipboard.co/article/418-new-update-on-ai-powered-statuses,2025-01-28,No,"statuses, ai powered, add recommended, remove, save, suggested statuses, bulk actions, click save",How-to Guide,653
KB-419,How To Manage Custom Statuses,Article,https://help.zipboard.co/article/419-how-to-manage-custom-statuses,2024-12-03,No,"custom statuses, manage, custom, status, add, delete, duplicate, workflow",How-to Guide,362
KB-42,How To Add My Screenshots Images To Review Board,Article,https://help.zipboard.co/article/42-how-to-add-my-screenshots-images-to-review-board,2023-12-11,No,"add, reviewboard, screenshots images, integration, annotations, files, account, access",How-to Guide,228
KB-420,How To Add Statuses On A Task Level,Article,https://help.zipboard.co/article/420-how-to-add-statuses-on-a-task-level,2024-08-14,No,"task, add, statuses, status, task level, tasks, click add, access task",How-to Guide,383
KB-421,Zipboard Add In For Microsoft Outlook,Article,https://help.zipboard.co/article/421-zipboard-add-in-for-microsoft-outlook,2025-01-21,No,"zipboard, add, zipboard add, outlook, microsoft, extension, integration, Microsoft Outlook",How-to Guide,620
KB-422,Managing Task Types At The Project Level,Article,https://help.zipboard.co/article/422-managing-task-types-at-the-project-level,2024-10-09,No,"task, project, task types, project level, task management, default task, integration, ai (assuming AI is relevant due to the context)",How-to Guide,370
KB-423,Getting Started And Using Ai Powered Task Types In Zipboard,Article,https://help.zipboard.co/article/423-getting-started-and-using-ai-powered-task-types-in-zipboard,2024-10-09,No,"task, task types, ai powered, Zipboard, project, integration, using AI, Zipboard AI",How-to Guide,386
KB-424,Using Ai Powered Task Types In Zipboard,Article,https://help.zipboard.co/article/424-using-ai-powered-task-types-in-zipboard,2024-10-09,No,"types, task, ai powered, recommended, add, dropdown click, Zipboard, suggestions",How-to Guide,439
KB-425,Customizing Your Task Types In Zipboard,Article,https://help.zipboard.co/article/425-customizing-your-task-types-in-zipboard,2024-12-03,No,"task, task types, Zipboard, customizing, customize, project, types, Zipboard types",How-to Guide,511
KB-426,Managing Task Types In Your Project,Article,https://help.zipboard.co/article/426-managing-task-types-in-your-project,2024-10-09,No,"task, types, task types, project, managing, delete, custom, tasks",How-to Guide,569
KB-427,How To Download Pdfs With Annotations And Comments In Zipboard,Article,https://help.zipboard.co/article/427-how-to-download-pdfs-with-annotations-and-comments-in-zipboard,2024-10-31,No,"pdf, zipboard, comments, annotations, download, offline access, pdfs annotations, annotated",How-to Guide,504
KB-428,Managing Your Billing And Subscription,Article,https://help.zipboard.co/article/428-managing-your-billing-and-subscription,2024-10-30,No,"billing, subscription, manage, payment, plan, cancel, change, support",How-to Guide,316
KB-429,How To Use Ai Powered Autotagging For Tasks,Article,https://help.zipboard.co/article/429-how-to-use-ai-powered-autotagging-for-tasks,2024-12-03,No,"task, tags, ai, powered, autotagging, project, integration, customize",How-to Guide,512
KB-43,How Do I Reorder My Boards,Article,https://help.zipboard.co/article/43-how-do-i-reorder-my-boards,2024-10-31,No,"reorder, boards, help, contact, feedback, tools, resources, access",Troubleshooting,260
KB-430,How To Use Auto Tagging For Files,Article,https://help.zipboard.co/article/430-how-to-use-auto-tagging-for-files,2024-12-03,No,"files, tags, ai, auto tagging, tagging files, integration, zipboard, project",How-to Guide,481
KB-431,Getting Started With Zipboard For Aec Professionals,Article,https://help.zipboard.co/article/431-getting-started-with-zipboard-for-aec-professionals,2024-11-26,No,"zipboard, feedback, documents, pdf, project, tools, construction, collaboration",How-to Guide,703
KB-432,Getting Started With Zipboard For Learning Designers,Article,https://help.zipboard.co/article/432-getting-started-with-zipboard-for-learning-designers,2024-11-26,No,"zipboard, feedback, scorm, learning, project, file, video, stakeholders",How-to Guide,743
KB-433,Getting Started With Zipboard For Web Designers,Article,https://help.zipboard.co/article/433-getting-started-with-zipboard-for-web-designers,2024-11-26,No,"feedback, zipboard, web design, live project, integration, share, tools, get started",How-to Guide,682
KB-434,Getting Started With Zipboard For Technical Writers,Article,https://help.zipboard.co/article/434-getting-started-with-zipboard-for-technical-writers,2024-11-26,No,"feedback, document, pdf, zipboard, comments, integration, technical, tools",How-to Guide,671
KB-435,Zipboard Pricing Faq,Article,https://help.zipboard.co/article/435-zipboard-pricing-faq,2024-11-27,No,"zipboard pricing, plan, monthly cost, team plan, additional manager, features, integration, support",How-to Guide,560
KB-436,Streamlining Your Workflows With Content Manager In Zipboard,Article,https://help.zipboard.co/article/436-streamlining-your-workflows-with-content-manager-in-zipboard,2025-01-16,No,"content, zipboard, manager, content manager, workflows, collaboration, files, version control",How-to Guide,948
KB-437,How To Control Client Access In Zipboard File Sharing Made Simple,Article,https://help.zipboard.co/article/437-how-to-control-client-access-in-zipboard-file-sharing-made-simple,2025-02-05,No,"client, access, clients, share, zipboard, file sharing, permissions, control",How-to Guide,830
KB-439,How To Streamline Your Workflow Using Status Filters In Zipboard,Article,https://help.zipboard.co/article/439-how-to-streamline-your-workflow-using-status-filters-in-zipboard,2025-01-29,No,"status filters, Zipboard, project, tasks, streamline, workflow, improve, team",How-to Guide,680
KB-44,I Created A Project What Next,Article,https://help.zipboard.co/article/44-i-created-a-project-what-next,2023-12-11,No,"created project, add collaborators, dashboard, tools, resources, integration, feedback, tasks",How-to Guide,324
KB-440,Quickly Set Up Your Projects With Custom Templates In Zipboard,Article,https://help.zipboard.co/article/440-quickly-set-up-your-projects-with-custom-templates-in-zipboard,2025-03-25,No,"project, templates, custom templates, zipboard, design, setup, development, time",How-to Guide,694
KB-441,Streamlining File Uploads With Bulk Upload In Zipboard,Article,https://help.zipboard.co/article/441-streamlining-file-uploads-with-bulk-upload-in-zipboard,2025-02-19,No,"bulk upload, file uploads, Zipboard, integration, large files, project, scale, collaboration",How-to Guide,595
KB-442,Setting Up And Managing The Procore Integration In Zipboard,Article,https://help.zipboard.co/article/442-setting-up-and-managing-the-procore-integration-in-zipboard,2025-05-16,No,"Procore, Integration, Zipboard, Setup, Management, Projects, Documents, Authentication",How-to Guide,810
KB-443,Review Tracking In Zipboard Ensuring Efficient File Reviews,Article,https://help.zipboard.co/article/443-review-tracking-in-zipboard-ensuring-efficient-file-reviews,2025-05-16,No,"review, content, feedback, zipboard, file, review tracking, review process, project managers",How-to Guide,587
KB-446,Learning Design Template For Elearning Content Reviews,Article,https://help.zipboard.co/article/446-learning-design-template-for-elearning-content-reviews,2025-05-26,No,"content, learning, elearning, design, review, template, workflows, approval",How-to Guide,862
KB-448,Content Development Template For Content Reviews,Article,https://help.zipboard.co/article/448-content-development-template-for-content-reviews,,No,"content, development, review, template, workflows, collaboration, approval, organization",How-to Guide,740
KB-449,How To Use The Procore Zipboard Integration To Improve Collaboration,Article,https://help.zipboard.co/article/449-how-to-use-the-procore-zipboard-integration-to-improve-collaboration,2025-04-14,No,"zipboard, procore integration, collaboration, documents, comments, pdfs, share, changes",How-to Guide,897
KB-45,How Can I Add Collaborators To My Project,Article,https://help.zipboard.co/article/45-how-can-i-add-collaborators-to-my-project,2024-10-22,No,"add, collaborators, project, add collaborators, invite, collaborate, collaborator, Zipboard",How-to Guide,148
KB-450,How To Share Pdfs Without Login For Seamless Collaboration,Article,https://help.zipboard.co/article/450-how-to-share-pdfs-without-login-for-seamless-collaboration,2025-03-28,No,"share pdfs, pdf, collaboration, sharing, login, link, boards, tools",How-to Guide,669
KB-452,Managing Your Procore Zipboard Integration Project Sync Permissions And What S Next,Article,https://help.zipboard.co/article/452-managing-your-procore-zipboard-integration-project-sync-permissions-and-what-s-next,2025-04-03,No,"project, sync, manage, Procore, Zipboard, integration, settings, updates",How-to Guide,668
KB-453,How To Set Up A Website Feedback Workflow,Article,https://help.zipboard.co/article/453-how-to-set-up-a-website-feedback-workflow,2025-05-07,No,"website, feedback, feedback workflow, setup, tasks, comments, workflow, tools",How-to Guide,955
KB-454,How To Invite Clients Users To Review A Website No Login Needed,Article,https://help.zipboard.co/article/454-how-to-invite-clients-users-to-review-a-website-no-login-needed,2025-05-07,No,"feedback, client, clients, website, invite clients, users, review, link",How-to Guide,816
KB-455,How To Annotate A Live Website,Article,https://help.zipboard.co/article/455-how-to-annotate-a-live-website,2025-05-07,No,"live website, annotate, annotate live, visual feedback, comments, collaboration, tool, zipboard",How-to Guide,756
KB-458,Quickly Navigate To The Right Annotation In Pdf Reviews,Article,https://help.zipboard.co/article/458-quickly-navigate-to-the-right-annotation-in-pdf-reviews,2025-10-03,No,"pdf, annotation, task, review, annotation pdf, integration, navigation, tools",How-to Guide,608
KB-46,How Can I Remove Collaborators From My Project,Article,https://help.zipboard.co/article/46-how-can-i-remove-collaborators-from-my-project,2025-01-09,No,"project, collaborators, remove, help, admins, remove collaborators, access, contact",How-to Guide,140
KB-461,Creating And Managing Project Custom Templates In Zipboard,Article,https://help.zipboard.co/article/461-creating-and-managing-project-custom-templates-in-zipboard,2025-10-03,No,"project, template, templates, zipboard, creating, managing, export, custom",How-to Guide,845
KB-463,If I Change A Template Do Existing Projects Update Too,Article,https://help.zipboard.co/article/463-if-i-change-a-template-do-existing-projects-update-too,2025-10-03,No,"template, projects, existing projects, change template, updates, projects update, integration, feedback",How-to Guide,238
KB-466,What Happens If You Try To Delete A Template Being Used By A Live Project,Article,https://help.zipboard.co/article/466-what-happens-if-you-try-to-delete-a-template-being-used-by-a-live-project,2025-10-03,No,"template, delete template, live project, project, deleting, used by, feedback, resources",Troubleshooting,234
KB-47,Communicating With Team Members,Article,https://help.zipboard.co/article/47-communicating-with-team-members,2023-12-05,No,"collaborator, team members, communication, message, project, task, tools, feedback",How-to Guide,366
KB-470,Can Non Admins Use Templates Once Created,Article,https://help.zipboard.co/article/470-can-non-admins-use-templates-once-created,2025-10-03,No,"non admins, admins, templates, use templates, created templates, access, access permissions, account management",Reference,194
KB-471,Is There A Limit On The Number Of Templates An Organization Can Store,Article,https://help.zipboard.co/article/471-is-there-a-limit-on-the-number-of-templates-an-organization-can-store,2025-10-03,No,"templates, organization, limit number, number templates, store, account management, Zipboard, integration",How-to Guide,201
KB-472,Can Templates Include Reviewers Roles Or Only Structure In Zipboard,Article,https://help.zipboard.co/article/472-can-templates-include-reviewers-roles-or-only-structure-in-zipboard,2025-10-03,No,"templates, zipboard, reviewers roles, roles structure, integration, feedback, tools, sharing",Reference,199
KB-474,Creating Tasks From Pdf Annotations,Article,https://help.zipboard.co/article/474-creating-tasks-from-pdf-annotations,2026-01-19,No,"pdf, task, annotation, tools, task creation, integration, free, pdf annotations",How-to Guide,706
KB-48,What Is The Watcher Feature For And How Do I Use It,Article,https://help.zipboard.co/article/48-what-is-the-watcher-feature-for-and-how-do-i-use-it,2025-03-14,No,"watcher, watcher feature, use it, add, project, task, updates, collaborators",How-to Guide,541
KB-49,I Have Been Invited As A Collaborator But Unable To See The Project On My Dashboard What S Wrong There,Article,https://help.zipboard.co/article/49-i-have-been-invited-as-a-collaborator-but-unable-to-see-the-project-on-my-dashboard-what-s-wrong-there,2024-01-02,No,"collaborator, invited, project, dashboard, collaborators project, unable, edit profile, access",Troubleshooting,317
KB-50,I See A Bell Sign On My Profile What S That For,Article,https://help.zipboard.co/article/50-i-see-a-bell-sign-on-my-profile-what-s-that-for,2023-12-05,No,"bell sign, profile, integration, account, collaborators project, feedback, notification, resources",How-to Guide,290
KB-51,How Do I Access The Task Manager,Article,https://help.zipboard.co/article/51-how-do-i-access-the-task-manager,2023-12-27,No,"task, task manager, access, help, resources, article, manage, integrate",How-to Guide,211
KB-52,How Do I Add New Tasks,Article,https://help.zipboard.co/article/52-how-do-i-add-new-tasks,2023-12-27,No,"add new tasks, add task, task, tasks, task manager, edit task, collaboration, project",How-to Guide,276
KB-53,How Do I Add A New Comment,Article,https://help.zipboard.co/article/53-how-do-i-add-a-new-comment,2023-12-05,No,"add, comments, new comment, add new, comments integration, live annotations, add comments, share comments",How-to Guide,209
KB-54,How Is A Task Different From A Comment,Article,https://help.zipboard.co/article/54-how-is-a-task-different-from-a-comment,2023-12-27,No,"task, comment, different, integration, tools, resources, collaborators, feedback",How-to Guide,248
KB-55,How Can I Download All Tasks,Article,https://help.zipboard.co/article/55-how-can-i-download-all-tasks,2023-12-27,No,"download, tasks, task manager, download tasks, access task, account management, zipboard, tools",How-to Guide,182
KB-56,How Can I View All Tasks Assigned To Me,Article,https://help.zipboard.co/article/56-how-can-i-view-all-tasks-assigned-to-me,2020-03-31,No,"tasks, assigned, view tasks, tasks assigned, access, view, manage tasks, tools",How-to Guide,239
KB-57,I Cannot Delete All The Tasks What Am I Missing,Article,https://help.zipboard.co/article/57-i-cannot-delete-all-the-tasks-what-am-i-missing,2019-04-09,No,"delete tasks, cannot delete all tasks, feedback, help, resources, tools, account management, missing",Troubleshooting,209
KB-58,How Do I Edit A Task,Article,https://help.zipboard.co/article/58-how-do-i-edit-a-task,2023-12-27,No,"task, edit, task manager, bulk edit, edit task, feedback, resources, tools",How-to Guide,258
KB-59,How Do I Mark A Task As Resolved,Article,https://help.zipboard.co/article/59-how-do-i-mark-a-task-as-resolved,2023-12-27,No,"mark task, task resolved, tasks, feedback, help, account management, resources, access",How-to Guide,203
KB-6,What Is Zipboard,Article,https://help.zipboard.co/article/6-what-is-zipboard,,No,"Zipboard, integration, web, feedback, projects, annotate, bug tracking, tools",How-to Guide,304
KB-60,How Do I Assign A Task To Someone,Article,https://help.zipboard.co/article/60-how-do-i-assign-a-task-to-someone,2023-12-27,No,"assign task, task, task manager, account, account management, collaborators, share, feedback",How-to Guide,221
KB-62,Does Zipboard Integrate With Jira,Article,https://help.zipboard.co/article/62-does-zipboard-integrate-with-jira,2023-12-28,No,"Jira, Zipboard, Integration, Integrate, Feedback, Project, Tools, Issues",How-to Guide,255
KB-63,How Do I Integrate Zipboard With Jira,Article,https://help.zipboard.co/article/63-how-do-i-integrate-zipboard-with-jira,2023-12-28,No,"jira, zipboard, integration, jira integration, jira project, project issues, cloud, tools",How-to Guide,470
KB-64,How Are Statuses And Priorities Mapped Between Zipboard And Jira,Article,https://help.zipboard.co/article/64-how-are-statuses-and-priorities-mapped-between-zipboard-and-jira,2024-01-04,No,"jira, integration, zipboard, statuses mapped, tools, account management, articles, associated jira",How-to Guide,194
KB-65,How Do I Remove Zipboards Integration With Jira,Article,https://help.zipboard.co/article/65-how-do-i-remove-zipboards-integration-with-jira,2023-12-28,No,"integration, jira, zipboard, remove, delete, delete icon, account, project",Troubleshooting,184
KB-66,How Do I View The Associated Jira Issues Directly,Article,https://help.zipboard.co/article/66-how-do-i-view-the-associated-jira-issues-directly,2023-12-28,No,"jira, issues, associated jira issues, view, directly, jira integration, tasks, click",How-to Guide,239
KB-67,How Do I Edit Jiras Integration Settings,Article,https://help.zipboard.co/article/67-how-do-i-edit-jiras-integration-settings,2023-12-28,No,"integration, jira, edit, jira integration, settings, edit jira, account, associated jira",How-to Guide,204
KB-68,Im Getting The Unable To Authenticate Error What Should I Do,Article,https://help.zipboard.co/article/68-im-getting-the-unable-to-authenticate-error-what-should-i-do,2023-12-28,No,"""jira"", ""integration"", ""unable authenticate"", ""password"", ""authenticate error"", ""cloud"", ""username"", ""account""",Troubleshooting,304
KB-68,Im Getting The Unable To Authenticate Error When Integrating With Jira What Should I Do,Article,https://help.zipboard.co/article/68-im-getting-the-unable-to-authenticate-error-when-integrating-with-jira-what-should-i-do,2023-12-28,No,"jira, integration, unable authenticate, password, account, authenticate error, cloud, integrating jira",Troubleshooting,304
KB-69,Does Zipboard Integrate With Slack,Article,https://help.zipboard.co/article/69-does-zipboard-integrate-with-slack,2023-12-28,No,"Slack, Integration, Zipboard, Article, Integrate Slack, Integrate Zipboard, Zipboard Slack, Account Management",How-to Guide,215
KB-7,What Is Zipboard For,Article,https://help.zipboard.co/article/7-what-is-zipboard-for,2024-10-18,No,"zipboard, integration, feedback, collaboration, issues, projects, tools, screenshots",How-to Guide,304
KB-70,How Do I Integrate Zipboard With Slack,Article,https://help.zipboard.co/article/70-how-do-i-integrate-zipboard-with-slack,2023-12-28,No,"Slack, Integration, Zipboard, Integrate, Feedback, Collaborators, Settings, Slack Zipboard",How-to Guide,274
KB-71,How Do I Remove Zipboards Integration With Slack,Article,https://help.zipboard.co/article/71-how-do-i-remove-zipboards-integration-with-slack,2023-12-28,No,"integration, slack, zipboard, remove zipboard, slack integration, account management, resources, article",Troubleshooting,179
KB-72,How Do I Edit Slacks Integration Settings,Article,https://help.zipboard.co/article/72-how-do-i-edit-slacks-integration-settings,2023-12-28,No,"integration, slack, edit, slack integration, settings, channel, account, changes",How-to Guide,192
KB-73,What Is The Difference Between Owner Manager Collaborator And Client,Article,https://help.zipboard.co/article/73-what-is-the-difference-between-owner-manager-collaborator-and-client,2024-08-29,No,"owner, manager, collaborator, client, projects, organization, access, feedback",How-to Guide,475
KB-73,What S The Difference Between Owner Manager And Reviewer,Article,https://help.zipboard.co/article/73-what-s-the-difference-between-owner-manager-and-reviewer,2024-08-29,No,"owner manager, reviewer, organization, projects, users, collaborators, feedback, management",How-to Guide,475
KB-74,Can I Be A Part Of Multiple Projects And Teams From One Zipboard Account,Article,https://help.zipboard.co/article/74-can-i-be-a-part-of-multiple-projects-and-teams-from-one-zipboard-account,2023-12-11,No,"multiple projects, Zipboard account, account management, teams, integration, projects teams, sharing, tools",How-to Guide,186
KB-76,How Do I Create An Organization I Don T See The Option Anywhere,Article,https://help.zipboard.co/article/76-how-do-i-create-an-organization-i-don-t-see-the-option-anywhere,2023-09-30,No,"create organization, don't see option, help, create, contact, admins, feedback, enable",How-to Guide,114
KB-77,Why Am I Added To All The Projects In My Organization,Article,https://help.zipboard.co/article/77-why-am-i-added-to-all-the-projects-in-my-organization,2023-09-30,No,"organization, added to projects, admins, contact, feedback, projects, help, default",Troubleshooting,111
KB-8,Who Is Zipboard For,Article,https://help.zipboard.co/article/8-who-is-zipboard-for,2023-12-05,No,"Zipboard, Feedback, Integration, Teams, Features, Management, Task, Sharing",How-to Guide,263
KB-81,What Plan Is Right For Me,Article,https://help.zipboard.co/article/81-what-plan-is-right-for-me,2023-12-28,No,"plan, right for me, help, integration, account, resources, tools, files",How-to Guide,243
KB-82,Can I Change My Plan,Article,https://help.zipboard.co/article/82-can-i-change-my-plan,2023-12-28,No,"change plan, help, account management, contact, plans, feedback, billing, articles",How-to Guide,197
KB-83,Ive Been Added To A Project What Next,Article,https://help.zipboard.co/article/83-ive-been-added-to-a-project-what-next,2024-09-27,No,"added project, start, review, collaboration, files, tools, resources, feedback",How-to Guide,340
KB-84,Ive Created A Task What Next,Article,https://help.zipboard.co/article/84-ive-created-a-task-what-next,2023-12-27,No,"task, created, add, view, integration, update, assign, resources",How-to Guide,389
KB-84,What Information Is Availablecan Be Populated In A Task Once It Is Created,Article,https://help.zipboard.co/article/84-what-information-is-availablecan-be-populated-in-a-task-once-it-is-created,2023-12-27,No,"task, created, view, add, update, integrating, information, resources",How-to Guide,389
KB-85,How To Update Your File Version Without Losing The Previous Versions,Article,https://help.zipboard.co/article/85-how-to-update-your-file-version-without-losing-the-previous-versions,2024-08-29,No,"file version, update, previous versions, add new, files, integration, account management, comments",How-to Guide,292
KB-86,How Can I Archive Restore My Zipboard Project,Article,https://help.zipboard.co/article/86-how-can-i-archive-restore-my-zipboard-project,2023-12-11,No,"archive restore, Zipboard project, restore Zipboard, archive, project, access project, account management, access",How-to Guide,231
KB-88,My Mails Are Not Delivered What Should I Do,Article,https://help.zipboard.co/article/88-my-mails-are-not-delivered-what-should-i-do,2024-01-02,No,"email, mails, delivered, help, tools, integration, account, preferences",Troubleshooting,286
KB-89,I Have Already Added Some Comments But Now I Want To Update Them To Tasks Can I Do It,Article,https://help.zipboard.co/article/89-i-have-already-added-some-comments-but-now-i-want-to-update-them-to-tasks-can-i-do-it,2023-12-27,No,"feedback, integration, tasks, updates, Zipboard, comments, account, project",How-to Guide,246
KB-9,Im Stuck How Do I Contact Zipboard,Article,https://help.zipboard.co/article/9-im-stuck-how-do-i-contact-zipboard,2023-09-30,No,"Zipboard, Contact, Stuck, Integration, Feedback, Help, Account, Tools",How-to Guide,240
KB-90,I Need To Share My Zipboard Project With My Stakeholders But Don T Want To Add Them As Collaborators Is There A Way To Do That,Article,https://help.zipboard.co/article/90-i-need-to-share-my-zipboard-project-with-my-stakeholders-but-don-t-want-to-add-them-as-collaborators-is-there-a-way-to-do-that,2024-10-22,No,"feedback, link, share, zipboard, external, guest, share link, stakeholders",How-to Guide,427
KB-91,Importing Data To Zipboard,Article,https://help.zipboard.co/article/91-importing-data-to-zipboard,2023-12-05,No,"import, data, zipboard, import data, integration, files (CSV, PDF, image",How-to Guide,196
KB-92,Exporting Data From Zipboard,Article,https://help.zipboard.co/article/92-exporting-data-from-zipboard,2024-04-09,No,"download, zipboard, data, export, data zipboard, export data, download icon, tasks",How-to Guide,289
KB-106,Project Phases,Category,https://help.zipboard.co/category/106-project-phases,,No,"project, phase, projects, project phase, create project, statuses, resources, tools",Other,242
KB-106,Project Phases,Category,https://help.zipboard.co/category/106-project-phases/2,,No,"projects, phases, integration, custom, resources, tools, account, sharing",Other,139
KB-118,Getting Started With Zipboard,Category,https://help.zipboard.co/category/118-getting-started-with-zipboard,,No,"JavaScript, Option, Browser, Click, Help Scout, Chrome, Firefox, Settings",Troubleshooting,250
KB-12,Task Manager,Category,https://help.zipboard.co/category/12-task-manager,,No,"task manager, tasks, manager, integration, tools, resources, tags, status",How-to Guide,252
KB-12,Task Manager,Category,https://help.zipboard.co/category/12-task-manager/2,,No,"task, task manager, tasks, manager, tools, resources, integration, status",Other,248
KB-13,Jira Integration,Category,https://help.zipboard.co/category/13-jira-integration,,No,"jira, integration, jira integration, integrate, integration jira, account, authenticate, error",Other,199
KB-14,Slack Integration,Category,https://help.zipboard.co/category/14-slack-integration,,No,"integration, slack, slack integration, tools, resources, account management, data, data security",How-to Guide,140
KB-147,Enterprise,Category,https://help.zipboard.co/category/147-enterprise,,No,"enterprise plan, account management, integration, pricing, resources, tools, account, enterprise",How-to Guide,191
KB-172,API Documentation,Category,https://help.zipboard.co/category/172-api-documentation,,No,"JavaScript, API Documentation, Category, Browser (Chrome, Firefox), Click, Settings, Enable/Enabled",Troubleshooting,250
KB-176,API Documentation,Category,https://help.zipboard.co/category/176-api-documentation,,No,"api, api documentation, documentation, api issues, files, links, organization, api organization",Other,84
KB-185,Projects,Category,https://help.zipboard.co/category/185-projects,2021-12-22,No,"project, projects, api, api v1, zipboard, http(s), title, user",Reference,891
KB-186,Files,Category,https://help.zipboard.co/category/186-files,2020-02-14,No,"file, files, url, api, http, zipboard, project, v1",Reference,780
KB-187,Tasks,Category,https://help.zipboard.co/category/187-tasks,2020-02-18,No,"task, tasks, http, api, v1, project, issues, zipboard",Other,938
KB-188,Comments,Category,https://help.zipboard.co/category/188-comments,2019-04-23,No,"feedback, api, zipboard, comments, api v1, app, authorization, url",Other,748
KB-189,Review Links,Category,https://help.zipboard.co/category/189-review-links,2025-01-21,No,"review links, api, url, links, shareurl, project, http(s), zipboard",Other,572
KB-204,Wrike Integration,Category,https://help.zipboard.co/category/204-wrike-integration,,No,"integration, wrike, zipboard, resources, tools, integrate, wrike integration, account management",How-to Guide,149
KB-224,Client Feedback,Category,https://help.zipboard.co/category/224-client-feedback,,No,"feedback, client, integration, client sharing, files, sharing, account, access",Other,194
KB-236,Organization,Category,https://help.zipboard.co/category/236-organization,,No,"organization, api, categories, api documentation, api organization, sort, documentation, help",Other,43
KB-239,Responses,Category,https://help.zipboard.co/category/239-responses,,No,"responses, sort, api, api documentation, categories, comments, documentation, projects",Other,41
KB-293,Lambdatest Integration,Category,https://help.zipboard.co/category/293-lambdatest-integration,,No,"integration, lambdatest, zipboard, lambdatest integration, tools, resources, account management, bug",How-to Guide,137
KB-303,Features,Category,https://help.zipboard.co/category/303-features,,No,"product, features, integration, tools, sort, pdf, account, annotation",Other,266
KB-303,Features,Category,https://help.zipboard.co/category/303-features/2,,No,"integration, zipboard, features, product features, tools, resources, account management, sharing",How-to Guide,145
KB-363,Microsoft Integration,Category,https://help.zipboard.co/category/363-microsoft-integration,,No,"integration, microsoft, Microsoft Integration, tools, resources, account, sharing, data",How-to Guide,124
KB-364,Data Security Privacy,Category,https://help.zipboard.co/category/364-data-security-privacy,,No,"data security, privacy, integration, tools, resources, account management, client sharing, backup data",How-to Guide,116
KB-365,Troubleshooting And Errors,Category,https://help.zipboard.co/category/365-troubleshooting-and-errors,,No,"troubleshooting, errors, integration, scorm file, scorm, tools, resources, zipboard issue",Troubleshooting,252
KB-369,For Super Admins,Category,https://help.zipboard.co/category/369-for-super-admins,,No,"super admins, admins, organization, project, add members, added projects, admin zipboard, clients",How-to Guide,107
KB-370,For Managers,Category,https://help.zipboard.co/category/370-for-managers,,No,"managers, project, account, adding, admins, organization, project managers, members",How-to Guide,88
KB-371,For Collaborators,Category,https://help.zipboard.co/category/371-for-collaborators,,No,"collaborators, project, collaborator, add, collaborators project, account, email, task",How-to Guide,141
KB-372,For Clients,Category,https://help.zipboard.co/category/372-for-clients,,No,"clients, client, client role, clients zipboard, collaborators, clients sort, clients add, zipboard",How-to Guide,99
KB-373,General,Category,https://help.zipboard.co/category/373-general,,No,"admin, users, getting started, super admin, accounts, roles, collaborator, zipboard",How-to Guide,118
KB-379,Zbreviewboard Extension,Category,https://help.zipboard.co/category/379-zbreviewboard-extension,,No,"extension, zbreviewboard, zbreviewboard extension, install, integration, browser extension, account management, tools",How-to Guide,176
KB-380,Sharing Links To External Collaborators,Category,https://help.zipboard.co/category/380-sharing-links-to-external-collaborators,,No,"share, link, share link, access, collaborators, external, external collaborators, files",How-to Guide,266
KB-385,Pdf Tools And Resources,Category,https://help.zipboard.co/category/385-pdf-tools-and-resources,,No,"pdf, tools, resources, integration, share, annotation, collaboration, zipboard",Other,271
KB-385,Pdf Tools And Resources,Category,https://help.zipboard.co/category/385-pdf-tools-and-resources/2,,No,"pdf, tools, resources, integration, account management, annotations, sharing, collaborators",Other,109
KB-386,Image Videos Tools And Resources,Category,https://help.zipboard.co/category/386-image-videos-tools-and-resources,,No,"image, videos, tools, resources, integration, upload, share, annotation",How-to Guide,266
KB-386,Image Videos Tools And Resources,Category,https://help.zipboard.co/category/386-image-videos-tools-and-resources/2,,No,"image, video, tools, resources, integration, account management, bulk upload, data security",Other,114
KB-387,Url Zip Tools And Resources,Category,https://help.zipboard.co/category/387-url-zip-tools-and-resources,,No,"url zip, tools, resources, integration, file, share, zipboard, scorm",How-to Guide,272
KB-387,Url Zip Tools And Resources,Category,https://help.zipboard.co/category/387-url-zip-tools-and-resources/2,,No,"url zip, tools, resources, integration, account management, annotation, sharing, data",How-to Guide,118
KB-4,Introduction,Category,https://help.zipboard.co/category/4-introduction,,No,"getting started, integration, Zipboard, tools, resources, projects, designers, AEC (Architecture Engineering Construction)",How-to Guide,229
KB-4,Introduction,Category,https://help.zipboard.co/category/4-introduction/2,,No,"account, integration, tools, design, resources, zipboard, getting started, projects",How-to Guide,207
KB-451,Procore Integration,Category,https://help.zipboard.co/category/451-procore-integration,,No,"integration, procore, procore integration, zipboard, managing, account management, sharing, data security",How-to Guide,131
KB-5,General,Category,https://help.zipboard.co/category/5-general,,No,"general, tutorials, integration, tools, resources, content, annotations, zipboard",How-to Guide,285
KB-5,General,Category,https://help.zipboard.co/category/5-general/2,,No,"general, tutorials, guides, tools, integration, annotate, share, access",How-to Guide,231
KB-1,Knowledge Base,Collection,https://help.zipboard.co/collection/1-knowledge-base,,No,"Knowledge Base Collection, Zipboard, Integration, Integrate Zipboard, Microsoft, Resources, Tools, Wrike",How-to Guide,162
KB-173,Apis,Collection,https://help.zipboard.co/collection/173-apis,,No,"api, sort, api documentation, documentation, api issues, files, organization responses, api organization",Other,84
KB-366,Zipboard Users,Collection,https://help.zipboard.co/collection/366-zipboard-users,,No,"zipboard, users, account, add, collaborator, collaborators, project, reviewer",How-to Guide,106
